match_id,tournament_year,game_type,stage_raw,stage,is_knockout,match_date,country_a,country_b,country_a_code,country_b_code,goals_a_90,goals_b_90,outcome_90,goals_a_after_extra_time,goals_b_after_extra_time,penalties_a,penalties_b,extra_time,score_details,venue,rank_a,rank_b,ranking_points_a,ranking_points_b,rank_diff,ranking_points_diff,confederation_a,confederation_b,same_confederation
1,1930,championship,Group 1,group,false,1930-07-13,France,Mexico,,,4,1,A_WIN,,,,,false,(3-0),"Estadio Pocitos, Montevideo",,,,,,,,,
2,1930,championship,Group 1,group,false,1930-07-15,Argentina,France,,,1,0,A_WIN,,,,,false,(0-0),"Estadio Parque Central, Montevideo",,,,,,,,,
3,1930,championship,Group 1,group,false,1930-07-16,Chile,Mexico,,,3,0,A_WIN,,,,,false,(1-0),"Estadio Parque Central, Montevideo",,,,,,,,,
4,1930,championship,Group 1,group,false,1930-07-19,Chile,France,,,1,0,A_WIN,,,,,false,(0-0),"Estadio Centenario, Montevideo",,,,,,,,,
5,1930,championship,Group 1,group,false,1930-07-19,Argentina,Mexico,,,6,3,A_WIN,,,,,false,(3-1),"Estadio Centenario, Montevideo",,,,,,,,,
6,1930,championship,Group 1,group,false,1930-07-22,Argentina,Chile,,,3,1,A_WIN,,,,,false,(2-1),"Estadio Centenario, Montevideo",,,,,,,,,
7,1930,championship,Group 2,group,false,1930-07-14,Yugoslavia,Brazil,,,2,1,A_WIN,,,,,false,(2-0),"Estadio Parque Central, Montevideo",,,,,,,,,
8,1930,championship,Group 2,group,false,1930-07-17,Yugoslavia,Bolivia,,,4,0,A_WIN,,,,,false,(0-0),"Estadio Parque Central, Montevideo",,,,,,,,,
9,1930,championship,Group 2,group,false,1930-07-20,Brazil,Bolivia,,,4,0,A_WIN,,,,,false,(1-0),"Estadio Centenario, Montevideo",,,,,,,,,
10,1930,championship,Group 3,group,false,1930-07-14,Romania,Peru,,,3,1,A_WIN,,,,,false,(1-0),"Estadio Pocitos, Montevideo",,,,,,,,,
11,1930,championship,Group 3,group,false,1930-07-18,Uruguay,Peru,,,1,0,A_WIN,,,,,false,(0-0),"Estadio Centenario, Montevideo",,,,,,,,,
12,1930,championship,Group 3,group,false,1930-07-21,Uruguay,Romania,,,4,0,A_WIN,,,,,false,(4-0),"Estadio Centenario, Montevideo",,,,,,,,,
13,1930,championship,Group 4,group,false,1930-07-13,USA,Belgium,,,3,0,A_WIN,,,,,false,(2-0),"Estadio Parque Central, Montevideo",,,,,,,,,
14,1930,championship,Group 4,group,false,1930-07-17,USA,Paraguay,,,3,0,A_WIN,,,,,false,(2-0),"Estadio Parque Central, Montevideo",,,,,,,,,
15,1930,championship,Group 4,group,false,1930-07-20,Paraguay,Belgium,,,1,0,A_WIN,,,,,false,(1-0),"Estadio Centenario, Montevideo",,,,,,,,,
16,1930,championship,Semi-finals,semi_final,true,1930-07-26,Argentina,USA,,,6,1,A_WIN,,,,,false,(1-0),"Estadio Centenario, Montevideo",,,,,,,,,
17,1930,championship,Semi-finals,semi_final,true,1930-07-27,Uruguay,Yugoslavia,,,6,1,A_WIN,,,,,false,(3-1),"Estadio Centenario, Montevideo",,,,,,,,,
18,1930,championship,Final,final,true,1930-07-30,Uruguay,Argentina,,,4,2,A_WIN,,,,,false,(1-2),"Estadio Centenario, Montevideo",,,,,,,,,
19,1934,championship,Preliminary round,preliminary_round,true,1934-05-27,Sweden,Argentina,,,3,2,A_WIN,,,,,false,(1-1),"Stadio Littoriale, Bologna",,,,,,,,,
20,1934,championship,Preliminary round,preliminary_round,true,1934-05-27,Austria,France,,,1,1,DRAW,3,2,,,true,"a.e.t. (1-1, 1-1)","Stadio Benito Mussolini, Turin",,,,,,,,,
21,1934,championship,Preliminary round,preliminary_round,true,1934-05-27,Germany,Belgium,,,5,2,A_WIN,,,,,false,(1-2),"Stadio Giovanni Berta, Florence",,,,,,,,,
22,1934,championship,Preliminary round,preliminary_round,true,1934-05-27,Spain,Brazil,,,3,1,A_WIN,,,,,false,(3-0),"Stadio Luigi Ferraris, Genoa",,,,,,,,,
23,1934,championship,Preliminary round,preliminary_round,true,1934-05-27,Hungary,Egypt,,,4,2,A_WIN,,,,,false,(2-2),"Stadio Giorgio Ascarelli, Naples",,,,,,,,,
24,1934,championship,Preliminary round,preliminary_round,true,1934-05-27,Switzerland,Netherlands,,,3,2,A_WIN,,,,,false,(2-1),"Stadio San Siro, Milan",,,,,,,,,
25,1934,championship,Preliminary round,preliminary_round,true,1934-05-27,Italy,United States,,,7,1,A_WIN,,,,,false,(3-0),"Stadio Nazionale PNF, Rome",,,,,,,,,
26,1934,championship,Preliminary round,preliminary_round,true,1934-05-27,Czechoslovakia,Romania,,,2,1,A_WIN,,,,,false,(0-1),"Stadio Littorio, Trieste",,,,,,,,,
27,1934,championship,Quarter-finals,quarter_final,true,1934-05-31,Czechoslovakia,Switzerland,,,3,2,A_WIN,,,,,false,(1-1),"Stadio Benito Mussolini, Turin",,,,,,,,,
28,1934,championship,Quarter-finals,quarter_final,true,1934-05-31,Germany,Sweden,,,2,1,A_WIN,,,,,false,(0-0),"Stadio San Siro, Milan",,,,,,,,,
29,1934,championship,Quarter-finals,quarter_final,true,1934-05-31,Italy,Spain,,,1,1,DRAW,1,1,,,true,"a.e.t. (1-1, 1-1)","Stadio Giovanni Berta, Florence",,,,,,,,,
30,1934,championship,Quarter-finals,quarter_final,true,1934-05-31,Austria,Hungary,,,2,1,A_WIN,,,,,false,(1-0),"Stadio Littoriale, Bologna",,,,,,,,,
31,1934,championship,"Quarter-finals, Replays",quarter_final,true,1934-06-01,Italy,Spain,,,1,0,A_WIN,,,,,false,(1-0),"Stadio Giovanni Berta, Florence",,,,,,,,,
32,1934,championship,Semi-finals,semi_final,true,1934-06-03,Italy,Austria,,,1,0,A_WIN,,,,,false,(1-0),"Stadio San Siro, Milan",,,,,,,,,
33,1934,championship,Semi-finals,semi_final,true,1934-06-03,Czechoslovakia,Germany,,,3,1,A_WIN,,,,,false,(1-0),"Stadio Nazionale PNF, Rome",,,,,,,,,
34,1934,championship,Third-place match,third_place,true,1934-06-07,Germany,Austria,,,3,2,A_WIN,,,,,false,(3-1),"Stadio Giorgio Ascarelli, Naples",,,,,,,,,
35,1934,championship,Final,final,true,1934-06-10,Italy,Czechoslovakia,,,1,1,DRAW,2,1,,,true,"a.e.t. (1-1, 0-0)","Stadio Nazionale PNF, Rome",,,,,,,,,
36,1938,championship,First round,first_round,true,1938-06-04,Switzerland,Germany,,,1,1,DRAW,1,1,,,true,"a.e.t. (1-1, 1-1)","Parc des Princes, Paris",,,,,,,,,
37,1938,championship,First round,first_round,true,1938-06-05,Hungary,Dutch East Indies,,,6,0,A_WIN,,,,,false,(4-0),"Vélodrome Municipal, Reims",,,,,,,,,
38,1938,championship,First round,first_round,true,1938-06-05,France,Belgium,,,3,1,A_WIN,,,,,false,(2-1),"Stade Olympique de Colombes, Paris",,,,,,,,,
39,1938,championship,First round,first_round,true,1938-06-05,Cuba,Romania,,,2,2,DRAW,3,3,,,true,"a.e.t. (2-2, 1-1)","Stade Chapou, Toulouse",,,,,,,,,
40,1938,championship,First round,first_round,true,1938-06-05,Italy,Norway,,,1,1,DRAW,2,1,,,true,"a.e.t. (1-1, 1-0)","Stade Vélodrome, Marseille",,,,,,,,,
41,1938,championship,First round,first_round,true,1938-06-05,Brazil,Poland,,,4,4,DRAW,6,5,,,true,"a.e.t. (4-4, 3-1)","Stade de la Meinau, Strasbourg",,,,,,,,,
42,1938,championship,First round,first_round,true,1938-06-05,Czechoslovakia,Netherlands,,,0,0,DRAW,3,0,,,true,"a.e.t. (0-0, 0-0)","Stade municipal, Le Havre",,,,,,,,,
43,1938,championship,"First round, Replays",first_round,true,1938-06-09,Cuba,Romania,,,2,1,A_WIN,,,,,false,(0-1),"Stade Chapou, Toulouse",,,,,,,,,
44,1938,championship,"First round, Replays",first_round,true,1938-06-09,Germany,Switzerland,,,2,4,B_WIN,,,,,false,(2-1),"Parc des Princes, Paris",,,,,,,,,
45,1938,championship,Quarter-finals,quarter_final,true,1938-06-12,Brazil,Czechoslovakia,,,1,1,DRAW,1,1,,,true,"a.e.t. (1-1, 1-0)","Parc Lescure, Bordeaux",,,,,,,,,
46,1938,championship,Quarter-finals,quarter_final,true,1938-06-12,Switzerland,Hungary,,,0,2,B_WIN,,,,,false,(0-1),"Stade Victor Boucquey, Lille",,,,,,,,,
47,1938,championship,Quarter-finals,quarter_final,true,1938-06-12,Sweden,Cuba,,,8,0,A_WIN,,,,,false,(4-0),"Stade du Fort Carré, Antibes",,,,,,,,,
48,1938,championship,Quarter-finals,quarter_final,true,1938-06-12,France,Italy,,,1,3,B_WIN,,,,,false,(1-1),"Stade Olympique de Colombes, Paris",,,,,,,,,
49,1938,championship,"Quarter-finals, Replays",quarter_final,true,1938-06-14,Brazil,Czechoslovakia,,,2,1,A_WIN,,,,,false,(0-1),"Parc Lescure, Bordeaux",,,,,,,,,
50,1938,championship,Semi-finals,semi_final,true,1938-06-16,Hungary,Sweden,,,5,1,A_WIN,,,,,false,(3-1),"Parc des Princes, Paris",,,,,,,,,
51,1938,championship,Semi-finals,semi_final,true,1938-06-16,Italy,Brazil,,,2,1,A_WIN,,,,,false,(0-0),"Stade Vélodrome, Marseille",,,,,,,,,
52,1938,championship,Match for third place,third_place,true,1938-06-19,Sweden,Brazil,,,2,4,B_WIN,,,,,false,(2-1),"Parc Lescure, Bordeaux",,,,,,,,,
53,1938,championship,Final,final,true,1938-06-19,Hungary,Italy,,,2,4,B_WIN,,,,,false,(1-3),"Stade Olympique de Colombes, Paris",,,,,,,,,
54,1950,championship,Group 1,group,false,1950-06-24,Brazil,Mexico,,,4,0,A_WIN,,,,,false,(1-0),"Estádio do Maracanã, Rio de Janeiro",,,,,,,,,
55,1950,championship,Group 1,group,false,1950-06-25,Yugoslavia,Switzerland,,,3,0,A_WIN,,,,,false,(0-0),"Estádio Independência, Belo Horizonte",,,,,,,,,
56,1950,championship,Group 1,group,false,1950-06-28,Brazil,Switzerland,,,2,2,DRAW,,,,,false,(2-1),"Estádio do Pacaembu, São Paulo",,,,,,,,,
57,1950,championship,Group 1,group,false,1950-06-28,Yugoslavia,Mexico,,,4,1,A_WIN,,,,,false,(2-0),"Estádio dos Eucaliptos, Porto Alegre",,,,,,,,,
58,1950,championship,Group 1,group,false,1950-07-01,Brazil,Yugoslavia,,,2,0,A_WIN,,,,,false,(1-0),"Estádio do Maracanã, Rio de Janeiro",,,,,,,,,
59,1950,championship,Group 1,group,false,1950-07-02,Switzerland,Mexico,,,2,1,A_WIN,,,,,false,(2-0),"Estádio dos Eucaliptos, Porto Alegre",,,,,,,,,
60,1950,championship,Group 2,group,false,1950-06-25,England,Chile,,,2,0,A_WIN,,,,,false,,"Estádio do Maracanã, Rio de Janeiro",,,,,,,,,
61,1950,championship,Group 2,group,false,1950-06-25,Spain,United States,,,3,1,A_WIN,,,,,false,,"Estádio Durival de Britto, Curitiba",,,,,,,,,
62,1950,championship,Group 2,group,false,1950-06-29,Spain,Chile,,,2,0,A_WIN,,,,,false,,"Estádio do Maracanã, Rio de Janeiro",,,,,,,,,
63,1950,championship,Group 2,group,false,1950-06-29,United States,England,,,1,0,A_WIN,,,,,false,,"Estádio Independência, Belo Horizonte",,,,,,,,,
64,1950,championship,Group 2,group,false,1950-07-02,Spain,England,,,1,0,A_WIN,,,,,false,,"Estádio do Maracanã, Rio de Janeiro",,,,,,,,,
65,1950,championship,Group 2,group,false,1950-07-02,Chile,United States,,,5,2,A_WIN,,,,,false,,"Estádio Ilha do Retiro, Recife",,,,,,,,,
66,1950,championship,Group 3,group,false,1950-06-25,Sweden,Italy,,,3,2,A_WIN,,,,,false,,"Estádio do Pacaembu, São Paulo",,,,,,,,,
67,1950,championship,Group 3,group,false,1950-06-29,Sweden,Paraguay,,,2,2,DRAW,,,,,false,,"Estádio Durival Britto, Curitiba",,,,,,,,,
68,1950,championship,Group 3,group,false,1950-07-02,Italy,Paraguay,,,2,0,A_WIN,,,,,false,,"Estádio do Pacaembu, São Paulo",,,,,,,,,
69,1950,championship,Group 4,group,false,1950-07-02,Uruguay,Bolivia,,,8,0,A_WIN,,,,,false,,"Estádio Independência, Belo Horizonte",,,,,,,,,
70,1950,championship,Final Round,final_group,false,1950-07-09,Uruguay,Spain,,,2,2,DRAW,,,,,false,,"Estádio do Pacaembu, São Paulo",,,,,,,,,
71,1950,championship,Final Round,final_group,false,1950-07-09,Brazil,Sweden,,,7,1,A_WIN,,,,,false,,"Estádio do Maracanã, Rio de Janeiro",,,,,,,,,
72,1950,championship,Final Round,final_group,false,1950-07-13,Brazil,Spain,,,6,1,A_WIN,,,,,false,,"Estádio do Maracanã, Rio de Janeiro",,,,,,,,,
73,1950,championship,Final Round,final_group,false,1950-07-13,Uruguay,Sweden,,,3,2,A_WIN,,,,,false,,"Estádio do Pacaembu, São Paulo",,,,,,,,,
74,1950,championship,Final Round,final_group,false,1950-07-16,Sweden,Spain,,,3,1,A_WIN,,,,,false,,"Estádio do Pacaembu, São Paulo",,,,,,,,,
75,1950,championship,Final Round,final_group,false,1950-07-16,Uruguay,Brazil,,,2,1,A_WIN,,,,,false,,"Estádio do Maracanã, Rio de Janeiro",,,,,,,,,
76,1954,championship,Group 1,group,false,,16 June    Brazil,Mexico,,,5,0,A_WIN,,,,,false,,"Charmilles Stadium, Geneva",,,,,,,,,
77,1954,championship,Group 1,group,false,,16 June    Yugoslavia,France,,,1,0,A_WIN,,,,,false,,"Stade Olympique de la Pontaise, Lausanne",,,,,,,,,
78,1954,championship,Group 1,group,false,,19 June    Brazil,Yugoslavia,,,1,1,DRAW,1,1,,,true,a.e.t. (1-1),"Stade Olympique de la Pontaise, Lausanne",,,,,,,,,
79,1954,championship,Group 1,group,false,,19 June    France,Mexico,,,3,2,A_WIN,,,,,false,,"Charmilles Stadium, Geneva",,,,,,,,,
80,1954,championship,Group 2,group,false,,17 June    West Germany,Turkey,,,4,1,A_WIN,,,,,false,,"Wankdorf Stadium, Bern",,,,,,,,,
81,1954,championship,Group 2,group,false,,17 June    Hungary,South Korea,,,9,0,A_WIN,,,,,false,,"Hardturm Stadium, Zürich",,,,,,,,,
82,1954,championship,Group 2,group,false,,20 June    Hungary,West Germany,,,8,3,A_WIN,,,,,false,,"St. Jakob Stadium, Basel",,,,,,,,,
83,1954,championship,Group 2,group,false,,20 June    Turkey,South Korea,,,7,0,A_WIN,,,,,false,,"Charmilles Stadium, Geneva",,,,,,,,,
84,1954,championship,Group 2 Play-off,group_playoff,false,,23 June    West Germany,Turkey,,,7,2,A_WIN,,,,,false,,"Hardturm Stadium, Zürich",,,,,,,,,
85,1954,championship,Group 3,group,false,,16 June    Uruguay,Czechoslovakia,,,2,0,A_WIN,,,,,false,,"Wankdorf Stadium, Bern",,,,,,,,,
86,1954,championship,Group 3,group,false,,16 June    Austria,Scotland,,,1,0,A_WIN,,,,,false,,"Hardturm Stadium, Zürich",,,,,,,,,
87,1954,championship,Group 3,group,false,,19 June    Austria,Czechoslovakia,,,5,0,A_WIN,,,,,false,,"Hardturm Stadium, Zürich",,,,,,,,,
88,1954,championship,Group 3,group,false,,19 June    Uruguay,Scotland,,,7,0,A_WIN,,,,,false,,"St. Jakob Stadium, Basel",,,,,,,,,
89,1954,championship,Group 4,group,false,,17 June    England,Belgium,,,3,3,DRAW,4,4,,,true,a.e.t. (3-3),"St. Jakob Stadium, Basel",,,,,,,,,
90,1954,championship,Group 4,group,false,,17 June    Switzerland,Italy,,,2,1,A_WIN,,,,,false,,"Stade Olympique de la Pontaise, Lausanne",,,,,,,,,
91,1954,championship,Group 4,group,false,,20 June    England,Switzerland,,,2,0,A_WIN,,,,,false,,"Wankdorf Stadium, Bern",,,,,,,,,
92,1954,championship,Group 4,group,false,,20 June    Italy,Belgium,,,4,1,A_WIN,,,,,false,,"Cornaredo Stadium, Lugano",,,,,,,,,
93,1954,championship,Group 4 Play-off,group_playoff,false,,23 June    Switzerland,Italy,,,4,1,A_WIN,,,,,false,,"St. Jakob Stadium, Basel",,,,,,,,,
94,1954,championship,Quarter-finals,quarter_final,true,,26 June    Austria,Switzerland,,,7,5,A_WIN,,,,,false,,"Stade Olympique de la Pontaise, Lausanne",,,,,,,,,
95,1954,championship,Quarter-finals,quarter_final,true,,26 June    Uruguay,England,,,4,2,A_WIN,,,,,false,,"St. Jakob Stadium, Basel",,,,,,,,,
96,1954,championship,Quarter-finals,quarter_final,true,,27 June    Yugoslavia,West Germany,,,0,2,B_WIN,,,,,false,,"Charmilles Stadium, Geneva",,,,,,,,,
97,1954,championship,Quarter-finals,quarter_final,true,,27 June    Brazil,Hungary,,,2,4,B_WIN,,,,,false,,"Wankdorf Stadium, Bern",,,,,,,,,
98,1954,championship,Semi-finals,semi_final,true,,30 June    West Germany,Austria,,,6,1,A_WIN,,,,,false,,"St. Jakob Stadium, Basel",,,,,,,,,
99,1954,championship,Semi-finals,semi_final,true,,30 June    Hungary,Uruguay,,,2,2,DRAW,4,2,,,true,a.e.t. (2-2),"Stade Olympique de la Pontaise, Lausanne",,,,,,,,,
100,1954,championship,Third-place match,third_place,true,,3 July     Uruguay,Austria,,,1,3,B_WIN,,,,,false,,"Hardturm Stadium, Zürich",,,,,,,,,
101,1954,championship,Final,final,true,,4 July     Hungary,West Germany,,,2,3,B_WIN,,,,,false,,"Wankdorf Stadium, Bern",,,,,,,,,
102,1958,championship,Group 1,group,false,,8 June     West Germany,Argentina,,,3,1,A_WIN,,,,,false,,"Malmö Stadion, Malmö",,,,,,,,,
103,1958,championship,Group 1,group,false,,8 June     Northern Ireland,Czechoslovakia,,,1,0,A_WIN,,,,,false,,"Örjans Vall, Halmstad",,,,,,,,,
104,1958,championship,Group 1,group,false,,11 June    Argentina,Northern Ireland,,,3,1,A_WIN,,,,,false,,"Örjans Vall, Halmstad",,,,,,,,,
105,1958,championship,Group 1,group,false,,11 June    West Germany,Czechoslovakia,,,2,2,DRAW,,,,,false,,"Olympiastadion, Helsingborg",,,,,,,,,
106,1958,championship,Group 1,group,false,,15 June    West Germany,Northern Ireland,,,2,2,DRAW,,,,,false,,"Malmö Stadion, Malmö",,,,,,,,,
107,1958,championship,Group 1,group,false,,15 June    Czechoslovakia,Argentina,,,6,1,A_WIN,,,,,false,,"Olympiastadion, Helsingborg",,,,,,,,,
108,1958,championship,Group 1 Play-off,group_playoff,false,,17 June   Northern Ireland,Czechoslovakia,,,1,1,DRAW,2,1,,,true,a.e.t. (1-1),"Malmö Stadion, Malmö",,,,,,,,,
109,1958,championship,Group 2,group,false,,8 June      France,Paraguay,,,7,3,A_WIN,,,,,false,,"Idrottsparken, Norrköping",,,,,,,,,
110,1958,championship,Group 2,group,false,,8 June      Yugoslavia,Scotland,,,1,1,DRAW,,,,,false,,"Arosvallen, Västerås",,,,,,,,,
111,1958,championship,Group 2,group,false,,11 June     Yugoslavia,France,,,3,2,A_WIN,,,,,false,,"Arosvallen, Västerås",,,,,,,,,
112,1958,championship,Group 2,group,false,,11 June     Paraguay,Scotland,,,3,2,A_WIN,,,,,false,,"Idrottsparken, Norrköping",,,,,,,,,
113,1958,championship,Group 2,group,false,,15 June     France,Scotland,,,2,1,A_WIN,,,,,false,,"Eyravallen, Örebro",,,,,,,,,
114,1958,championship,Group 2,group,false,,15 June     Paraguay,Yugoslavia,,,3,3,DRAW,,,,,false,,"Tunavallen, Eskilstuna",,,,,,,,,
115,1958,championship,Group 3,group,false,,8 June      Sweden,Mexico,,,3,0,A_WIN,,,,,false,,"Råsunda Stadium, Solna",,,,,,,,,
116,1958,championship,Group 3,group,false,,8 June      Hungary,Wales,,,1,1,DRAW,,,,,false,,"Jernvallen, Sandviken",,,,,,,,,
117,1958,championship,Group 3,group,false,,11 June     Mexico,Wales,,,1,1,DRAW,,,,,false,,"Råsunda Stadium, Solna",,,,,,,,,
118,1958,championship,Group 3,group,false,,12 June     Sweden,Hungary,,,2,1,A_WIN,,,,,false,,"Råsunda Stadium, Solna",,,,,,,,,
119,1958,championship,Group 3,group,false,,15 June     Sweden,Wales,,,0,0,DRAW,,,,,false,,"Råsunda Stadium, Solna",,,,,,,,,
120,1958,championship,Group 3,group,false,,15 June     Hungary,Mexico,,,4,0,A_WIN,,,,,false,,"Jernvallen, Sandviken",,,,,,,,,
121,1958,championship,Group 3 Play-off,group_playoff,false,,17 June     Wales,Hungary,,,2,1,A_WIN,,,,,false,,"Råsunda Stadium, Solna",,,,,,,,,
122,1958,championship,Group 4,group,false,,8 June     Brazil,Austria,,,3,0,A_WIN,,,,,false,,"Rimnersvallen, Uddevalla",,,,,,,,,
123,1958,championship,Group 4,group,false,,8 June     Soviet Union,England,,,2,2,DRAW,,,,,false,,"Ullevi, Gothenburg",,,,,,,,,
124,1958,championship,Group 4,group,false,,11 June    Brazil,England,,,0,0,DRAW,,,,,false,,"Ullevi, Gothenburg",,,,,,,,,
125,1958,championship,Group 4,group,false,,11 June    Soviet Union,Austria,,,2,0,A_WIN,,,,,false,,"Ryavallen, Borås",,,,,,,,,
126,1958,championship,Group 4,group,false,,15 June    England,Austria,,,2,2,DRAW,,,,,false,,"Ryavallen, Borås",,,,,,,,,
127,1958,championship,Group 4,group,false,,15 June    Brazil,Soviet Union,,,2,0,A_WIN,,,,,false,,"Ullevi, Gothenburg",,,,,,,,,
128,1958,championship,Group 4 Play-off,group_playoff,false,,17 June    Soviet Union,England,,,1,0,A_WIN,,,,,false,,"Ullevi, Gothenburg",,,,,,,,,
129,1958,championship,Quarter-finals,quarter_final,true,,19 June   France,Northern Ireland,,,4,0,A_WIN,,,,,false,,"Idrottsparken, Norrköping",,,,,,,,,
130,1958,championship,Quarter-finals,quarter_final,true,,19 June   Sweden,Soviet Union,,,2,0,A_WIN,,,,,false,,"Råsunda Stadium, Solna",,,,,,,,,
131,1958,championship,Quarter-finals,quarter_final,true,,19 June   Brazil,Wales,,,1,0,A_WIN,,,,,false,,"Ullevi, Gothenburg",,,,,,,,,
132,1958,championship,Quarter-finals,quarter_final,true,,19 June   West Germany,Yugoslavia,,,1,0,A_WIN,,,,,false,,"Malmö Stadion, Malmö",,,,,,,,,
133,1958,championship,Semi-finals,semi_final,true,,24 June   France,Brazil,,,2,5,B_WIN,,,,,false,,"Råsunda Stadium, Solna",,,,,,,,,
134,1958,championship,Semi-finals,semi_final,true,,24 June   West Germany,Sweden,,,1,3,B_WIN,,,,,false,,"Ullevi, Gothenburg",,,,,,,,,
135,1958,championship,Match for third place,third_place,true,,28 June   West Germany,France,,,3,6,B_WIN,,,,,false,,"Ullevi, Gothenburg",,,,,,,,,
136,1958,championship,Final,final,true,,29 June   Sweden,Brazil,,,2,5,B_WIN,,,,,false,,"Råsunda Stadium, Solna",,,,,,,,,
137,1962,championship,Group 1,group,false,,30 May    Uruguay,Colombia,,,2,1,A_WIN,,,,,false,,"Estadio Carlos Dittborn, Arica",,,,,,,,,
138,1962,championship,Group 1,group,false,,31 May    Soviet Union,Yugoslavia,,,2,0,A_WIN,,,,,false,,"Estadio Carlos Dittborn, Arica",,,,,,,,,
139,1962,championship,Group 1,group,false,,2 June    Yugoslavia,Uruguay,,,3,1,A_WIN,,,,,false,,"Estadio Carlos Dittborn, Arica",,,,,,,,,
140,1962,championship,Group 1,group,false,,3 June    Soviet Union,Colombia,,,4,4,DRAW,,,,,false,,"Estadio Carlos Dittborn, Arica",,,,,,,,,
141,1962,championship,Group 1,group,false,,6 June    Soviet Union,Uruguay,,,2,1,A_WIN,,,,,false,,"Estadio Carlos Dittborn, Arica",,,,,,,,,
142,1962,championship,Group 1,group,false,,7 June    Yugoslavia,Colombia,,,5,0,A_WIN,,,,,false,,"Estadio Carlos Dittborn, Arica",,,,,,,,,
143,1962,championship,Group 2,group,false,,30 May    Chile,Switzerland,,,3,1,A_WIN,,,,,false,,"Estadio Nacional, Santiago",,,,,,,,,
144,1962,championship,Group 2,group,false,,31 May    West Germany,Italy,,,0,0,DRAW,,,,,false,,"Estadio Nacional, Santiago",,,,,,,,,
145,1962,championship,Group 2,group,false,,2 June    Chile,Italy,,,2,0,A_WIN,,,,,false,,"Estadio Nacional, Santiago",,,,,,,,,
146,1962,championship,Group 2,group,false,,3 June    West Germany,Switzerland,,,2,1,A_WIN,,,,,false,,"Estadio Nacional, Santiago",,,,,,,,,
147,1962,championship,Group 2,group,false,,6 June    West Germany,Chile,,,2,0,A_WIN,,,,,false,,"Estadio Nacional, Santiago",,,,,,,,,
148,1962,championship,Group 2,group,false,,7 June    Italy,Switzerland,,,3,0,A_WIN,,,,,false,,"Estadio Nacional, Santiago",,,,,,,,,
149,1962,championship,Group 3,group,false,,30 May    Brazil,Mexico,,,2,0,A_WIN,,,,,false,,"Estadio Sausalito, Viña del Mar",,,,,,,,,
150,1962,championship,Group 3,group,false,,31 May    Czechoslovakia,Spain,,,1,0,A_WIN,,,,,false,,"Estadio Sausalito, Viña del Mar",,,,,,,,,
151,1962,championship,Group 3,group,false,,2 June    Brazil,Czechoslovakia,,,0,0,DRAW,,,,,false,,"Estadio Sausalito, Viña del Mar",,,,,,,,,
152,1962,championship,Group 3,group,false,,3 June    Spain,Mexico,,,1,0,A_WIN,,,,,false,,"Estadio Sausalito, Viña del Mar",,,,,,,,,
153,1962,championship,Group 3,group,false,,6 June    Brazil,Spain,,,2,1,A_WIN,,,,,false,,"Estadio Sausalito, Viña del Mar",,,,,,,,,
154,1962,championship,Group 3,group,false,,7 June    Mexico,Czechoslovakia,,,3,1,A_WIN,,,,,false,,"Estadio Sausalito, Viña del Mar",,,,,,,,,
155,1962,championship,Group 4,group,false,,30 May    Argentina,Bulgaria,,,1,0,A_WIN,,,,,false,,"Estadio El Teniente, Rancagua",,,,,,,,,
156,1962,championship,Group 4,group,false,,31 May    Hungary,England,,,2,1,A_WIN,,,,,false,,"Estadio El Teniente, Rancagua",,,,,,,,,
157,1962,championship,Group 4,group,false,,2 June    England,Argentina,,,3,1,A_WIN,,,,,false,,"Estadio El Teniente, Rancagua",,,,,,,,,
158,1962,championship,Group 4,group,false,,3 June    Hungary,Bulgaria,,,6,1,A_WIN,,,,,false,,"Estadio El Teniente, Rancagua",,,,,,,,,
159,1962,championship,Group 4,group,false,,6 June    Hungary,Argentina,,,0,0,DRAW,,,,,false,,"Estadio El Teniente, Rancagua",,,,,,,,,
160,1962,championship,Group 4,group,false,,7 June    England,Bulgaria,,,0,0,DRAW,,,,,false,,"Estadio El Teniente, Rancagua",,,,,,,,,
161,1962,championship,Quarter-finals,quarter_final,true,,10 June   Chile,Soviet Union,,,2,1,A_WIN,,,,,false,,"Estadio Carlos Dittborn, Arica",,,,,,,,,
162,1962,championship,Quarter-finals,quarter_final,true,,10 June   Yugoslavia,West Germany,,,1,0,A_WIN,,,,,false,,"Estadio Nacional, Santiago",,,,,,,,,
163,1962,championship,Quarter-finals,quarter_final,true,,10 June   Brazil,England,,,3,1,A_WIN,,,,,false,,"Estadio Sausalito, Viña del Mar",,,,,,,,,
164,1962,championship,Quarter-finals,quarter_final,true,,10 June   Czechoslovakia,Hungary,,,1,0,A_WIN,,,,,false,,"Estadio El Teniente, Rancagua",,,,,,,,,
165,1962,championship,Semi-finals,semi_final,true,,13 June   Brazil,Chile,,,4,2,A_WIN,,,,,false,,"Estadio Nacional, Santiago",,,,,,,,,
166,1962,championship,Semi-finals,semi_final,true,,13 June   Czechoslovakia,Yugoslavia,,,3,1,A_WIN,,,,,false,,"Estadio Sausalito, Viña del Mar",,,,,,,,,
167,1962,championship,Third-place match,third_place,true,,16 June   Chile,Yugoslavia,,,1,0,A_WIN,,,,,false,,"Estadio Nacional, Santiago",,,,,,,,,
168,1962,championship,Final,final,true,,17 June   Brazil,Czechoslovakia,,,3,1,A_WIN,,,,,false,,"Estadio Nacional, Santiago",,,,,,,,,
169,1966,championship,Group 1,group,false,,11 July   England,Uruguay,,,0,0,DRAW,,,,,false,,"Wembley Stadium, London",,,,,,,,,
170,1966,championship,Group 1,group,false,,13 July   France,Mexico,,,1,1,DRAW,,,,,false,,"Wembley Stadium, London",,,,,,,,,
171,1966,championship,Group 1,group,false,,15 July   Uruguay,France,,,2,1,A_WIN,,,,,false,,"White City Stadium, London",,,,,,,,,
172,1966,championship,Group 1,group,false,,16 July   England,Mexico,,,2,0,A_WIN,,,,,false,,"Wembley Stadium, London",,,,,,,,,
173,1966,championship,Group 1,group,false,,19 July   Mexico,Uruguay,,,0,0,DRAW,,,,,false,,"Wembley Stadium, London",,,,,,,,,
174,1966,championship,Group 1,group,false,,20 July   England,France,,,2,0,A_WIN,,,,,false,,"Wembley Stadium, London",,,,,,,,,
175,1966,championship,Group 2,group,false,,12 July   West Germany,Switzerland,,,5,0,A_WIN,,,,,false,,"Hillsborough Stadium, Sheffield",,,,,,,,,
176,1966,championship,Group 2,group,false,,13 July   Argentina,Spain,,,2,1,A_WIN,,,,,false,,"Villa Park, Birmingham",,,,,,,,,
177,1966,championship,Group 2,group,false,,15 July   Spain,Switzerland,,,2,1,A_WIN,,,,,false,,"Hillsborough Stadium, Sheffield",,,,,,,,,
178,1966,championship,Group 2,group,false,,16 July   Argentina,West Germany,,,0,0,DRAW,,,,,false,,"Villa Park, Birmingham",,,,,,,,,
179,1966,championship,Group 2,group,false,,19 July   Argentina,Switzerland,,,2,0,A_WIN,,,,,false,,"Hillsborough Stadium, Sheffield",,,,,,,,,
180,1966,championship,Group 2,group,false,,20 July   West Germany,Spain,,,2,1,A_WIN,,,,,false,,"Villa Park, Birmingham",,,,,,,,,
181,1966,championship,Group 3,group,false,,12 July   Brazil,Bulgaria,,,2,0,A_WIN,,,,,false,,"Goodison Park, Liverpool",,,,,,,,,
182,1966,championship,Group 3,group,false,,13 July   Portugal,Hungary,,,3,1,A_WIN,,,,,false,,"Old Trafford, Manchester",,,,,,,,,
183,1966,championship,Group 3,group,false,,15 July   Hungary,Brazil,,,3,1,A_WIN,,,,,false,,"Goodison Park, Liverpool",,,,,,,,,
184,1966,championship,Group 3,group,false,,16 July   Portugal,Bulgaria,,,3,0,A_WIN,,,,,false,,"Old Trafford, Manchester",,,,,,,,,
185,1966,championship,Group 3,group,false,,19 July   Portugal,Brazil,,,3,1,A_WIN,,,,,false,,"Goodison Park, Liverpool",,,,,,,,,
186,1966,championship,Group 3,group,false,,20 July   Hungary,Bulgaria,,,3,1,A_WIN,,,,,false,,"Old Trafford, Manchester",,,,,,,,,
187,1966,championship,Group 4,group,false,,12 July   Soviet Union,North Korea,,,3,0,A_WIN,,,,,false,,"Ayresome Park, Middlesbrough",,,,,,,,,
188,1966,championship,Group 4,group,false,,13 July   Italy,Chile,,,2,0,A_WIN,,,,,false,,"Roker Park, Sunderland",,,,,,,,,
189,1966,championship,Group 4,group,false,,15 July   Chile,North Korea,,,1,1,DRAW,,,,,false,,"Ayresome Park, Middlesbrough",,,,,,,,,
190,1966,championship,Group 4,group,false,,16 July   Soviet Union,Italy,,,1,0,A_WIN,,,,,false,,"Roker Park, Sunderland",,,,,,,,,
191,1966,championship,Group 4,group,false,,19 July   North Korea,Italy,,,1,0,A_WIN,,,,,false,,"Ayresome Park, Middlesbrough",,,,,,,,,
192,1966,championship,Group 4,group,false,,20 July   Soviet Union,Chile,,,2,1,A_WIN,,,,,false,,"Roker Park, Sunderland",,,,,,,,,
193,1966,championship,Quarter-finals,quarter_final,true,,23 July   England,Argentina,,,1,0,A_WIN,,,,,false,,"Wembley Stadium, London",,,,,,,,,
194,1966,championship,Quarter-finals,quarter_final,true,,23 July   West Germany,Uruguay,,,4,0,A_WIN,,,,,false,,"Hillsborough Stadium, Sheffield",,,,,,,,,
195,1966,championship,Quarter-finals,quarter_final,true,,23 July   Soviet Union,Hungary,,,2,1,A_WIN,,,,,false,,"Roker Park, Sunderland",,,,,,,,,
196,1966,championship,Quarter-finals,quarter_final,true,,23 July   Portugal,North Korea,,,5,3,A_WIN,,,,,false,,"Goodison Park, Liverpool",,,,,,,,,
197,1966,championship,Semi-finals,semi_final,true,,25 July   West Germany,Soviet Union,,,2,1,A_WIN,,,,,false,,"Goodison Park, Liverpool",,,,,,,,,
198,1966,championship,Semi-finals,semi_final,true,,26 July   England,Portugal,,,2,1,A_WIN,,,,,false,,"Wembley Stadium, London",,,,,,,,,
199,1966,championship,Third-place match,third_place,true,,28 July   Portugal,Soviet Union,,,2,1,A_WIN,,,,,false,,"Wembley Stadium, London",,,,,,,,,
200,1966,championship,Final,final,true,,30 July    England,West Germany,,,2,2,DRAW,4,2,,,true,a.e.t. (2-2),"Wembley Stadium, London",,,,,,,,,
201,1970,championship,Group 1,group,false,,31 May     Mexico,Soviet Union,,,0,0,DRAW,,,,,false,,"Estadio Azteca, Mexico City",,,,,,,,,
202,1970,championship,Group 1,group,false,,3 June    Belgium,El Salvador,,,3,0,A_WIN,,,,,false,,"Estadio Azteca, Mexico City",,,,,,,,,
203,1970,championship,Group 1,group,false,,6 June    Soviet Union,Belgium,,,4,1,A_WIN,,,,,false,,"Estadio Azteca, Mexico City",,,,,,,,,
204,1970,championship,Group 1,group,false,,7 June    Mexico,El Salvador,,,4,0,A_WIN,,,,,false,,"Estadio Azteca, Mexico City",,,,,,,,,
205,1970,championship,Group 1,group,false,,10 June    Soviet Union,El Salvador,,,2,0,A_WIN,,,,,false,,"Estadio Azteca, Mexico City",,,,,,,,,
206,1970,championship,Group 1,group,false,,11 June    Mexico,Belgium,,,1,0,A_WIN,,,,,false,,"Estadio Azteca, Mexico City",,,,,,,,,
207,1970,championship,Group 2,group,false,,2 June   Uruguay,Israel,,,2,0,A_WIN,,,,,false,,"Estadio Cuauhtémoc, Puebla",,,,,,,,,
208,1970,championship,Group 2,group,false,,3 June   Italy,Sweden,,,1,0,A_WIN,,,,,false,,"Estadio Luis Dosal, Toluca",,,,,,,,,
209,1970,championship,Group 2,group,false,,6 June   Uruguay,Italy,,,0,0,DRAW,,,,,false,,"Estadio Cuauhtémoc, Puebla",,,,,,,,,
210,1970,championship,Group 2,group,false,,7 June   Sweden,Israel,,,1,1,DRAW,,,,,false,,"Estadio Luis Dosal, Toluca",,,,,,,,,
211,1970,championship,Group 2,group,false,,10 June   Uruguay,Sweden,,,0,1,B_WIN,,,,,false,,"Estadio Cuauhtémoc, Puebla",,,,,,,,,
212,1970,championship,Group 2,group,false,,11 June   Israel,Italy,,,0,0,DRAW,,,,,false,,"Estadio Luis Dosal, Toluca",,,,,,,,,
213,1970,championship,Group 3,group,false,,2 June   Romania,England,,,0,1,B_WIN,,,,,false,,"Estadio Jalisco, Guadalajara",,,,,,,,,
214,1970,championship,Group 3,group,false,,3 June   Czechoslovakia,Brazil,,,1,4,B_WIN,,,,,false,,"Estadio Jalisco, Guadalajara",,,,,,,,,
215,1970,championship,Group 3,group,false,,6 June   Romania,Czechoslovakia,,,2,1,A_WIN,,,,,false,,"Estadio Jalisco, Guadalajara",,,,,,,,,
216,1970,championship,Group 3,group,false,,7 June   England,Brazil,,,0,1,B_WIN,,,,,false,,"Estadio Jalisco, Guadalajara",,,,,,,,,
217,1970,championship,Group 3,group,false,,10 June   Romania,Brazil,,,2,3,B_WIN,,,,,false,,"Estadio Jalisco, Guadalajara",,,,,,,,,
218,1970,championship,Group 3,group,false,,11 June   England,Czechoslovakia,,,1,0,A_WIN,,,,,false,,"Estadio Jalisco, Guadalajara",,,,,,,,,
219,1970,championship,Group 4,group,false,,2 June   Peru,Bulgaria,,,3,2,A_WIN,,,,,false,,"Estadio Nou Camp, León",,,,,,,,,
220,1970,championship,Group 4,group,false,,3 June   Morocco,West Germany,,,1,2,B_WIN,,,,,false,,"Estadio Nou Camp, León",,,,,,,,,
221,1970,championship,Group 4,group,false,,6 June   Peru,Morocco,,,3,0,A_WIN,,,,,false,,"Estadio Nou Camp, León",,,,,,,,,
222,1970,championship,Group 4,group,false,,7 June   Bulgaria,West Germany,,,2,5,B_WIN,,,,,false,,"Estadio Nou Camp, León",,,,,,,,,
223,1970,championship,Group 4,group,false,,10 June   Peru,West Germany,,,1,3,B_WIN,,,,,false,,"Estadio Nou Camp, León",,,,,,,,,
224,1970,championship,Group 4,group,false,,11 June   Bulgaria,Morocco,,,1,1,DRAW,,,,,false,,"Estadio Nou Camp, León",,,,,,,,,
225,1970,championship,Quarter-finals,quarter_final,true,,14 June    Soviet Union,Uruguay,,,0,0,DRAW,0,1,,,true,a.e.t. (0-0),"Estadio Azteca, Mexico City",,,,,,,,,
226,1970,championship,Quarter-finals,quarter_final,true,,14 June    Italy,Mexico,,,4,1,A_WIN,,,,,false,,"Estadio Luis Dosal, Toluca",,,,,,,,,
227,1970,championship,Quarter-finals,quarter_final,true,,14 June    Brazil,Peru,,,4,2,A_WIN,,,,,false,,"Estadio Jalisco, Guadalajara",,,,,,,,,
228,1970,championship,Quarter-finals,quarter_final,true,,14 June    West Germany,England,,,2,2,DRAW,3,2,,,true,a.e.t. (2-2),"Estadio Nou Camp, León",,,,,,,,,
229,1970,championship,Semi-finals,semi_final,true,,17 June    Uruguay,Brazil,,,1,3,B_WIN,,,,,false,,"Estadio Jalisco, Guadalajara",,,,,,,,,
230,1970,championship,Semi-finals,semi_final,true,,17 June    Italy,West Germany,,,1,1,DRAW,4,3,,,true,a.e.t. (1-1),"Estadio Azteca, Mexico City",,,,,,,,,
231,1970,championship,Match for third place,third_place,true,,20 June    Uruguay,West Germany,,,0,1,B_WIN,,,,,false,,"Estadio Azteca, Mexico City",,,,,,,,,
232,1970,championship,Final,final,true,,21 June    Brazil,Italy,,,4,1,A_WIN,,,,,false,,"Estadio Azteca, Mexico City",,,,,,,,,
233,1974,championship,Group 1,group,false,,14 June    West Germany,Chile,,,1,0,A_WIN,,,,,false,,"Olympiastadion, West Berlin",,,,,,,,,
234,1974,championship,Group 1,group,false,,14 June    East Germany,Australia,,,2,0,A_WIN,,,,,false,,"Volksparkstadion, Hamburg",,,,,,,,,
235,1974,championship,Group 1,group,false,,18 June    Chile,East Germany,,,1,1,DRAW,,,,,false,,"Olympiastadion, West Berlin",,,,,,,,,
236,1974,championship,Group 1,group,false,,18 June    Australia,West Germany,,,0,3,B_WIN,,,,,false,,"Volksparkstadion, Hamburg",,,,,,,,,
237,1974,championship,Group 1,group,false,,22 June    Australia,Chile,,,0,0,DRAW,,,,,false,,"Olympiastadion, West Berlin",,,,,,,,,
238,1974,championship,Group 1,group,false,,22 June    East Germany,West Germany,,,1,0,A_WIN,,,,,false,,"Volksparkstadion, Hamburg",,,,,,,,,
239,1974,championship,Group 2,group,false,,13 June    Brazil,Yugoslavia,,,0,0,DRAW,,,,,false,,"Waldstadion, Frankfurt",,,,,,,,,
240,1974,championship,Group 2,group,false,,14 June    Zaire,Scotland,,,0,2,B_WIN,,,,,false,,"Westfalenstadion, Dortmund",,,,,,,,,
241,1974,championship,Group 2,group,false,,18 June    Yugoslavia,Zaire,,,9,0,A_WIN,,,,,false,,"Parkstadion, Gelsenkirchen",,,,,,,,,
242,1974,championship,Group 2,group,false,,18 June    Scotland,Brazil,,,0,0,DRAW,,,,,false,,"Waldstadion, Frankfurt",,,,,,,,,
243,1974,championship,Group 2,group,false,,22 June    Scotland,Yugoslavia,,,1,1,DRAW,,,,,false,,"Waldstadion, Frankfurt",,,,,,,,,
244,1974,championship,Group 2,group,false,,22 June    Zaire,Brazil,,,0,3,B_WIN,,,,,false,,"Parkstadion, Gelsenkirchen",,,,,,,,,
245,1974,championship,Group 3,group,false,,15 June    Uruguay,Netherlands,,,0,2,B_WIN,,,,,false,,"Niedersachsenstadion, Hanover",,,,,,,,,
246,1974,championship,Group 3,group,false,,15 June    Sweden,Bulgaria,,,0,0,DRAW,,,,,false,,"Rheinstadion, Düsseldorf",,,,,,,,,
247,1974,championship,Group 3,group,false,,19 June    Netherlands,Sweden,,,0,0,DRAW,,,,,false,,"Westfalenstadion, Dortmund",,,,,,,,,
248,1974,championship,Group 3,group,false,,19 June    Uruguay,Bulgaria,,,1,1,DRAW,,,,,false,,"Niedersachsenstadion, Hanover",,,,,,,,,
249,1974,championship,Group 3,group,false,,23 June    Netherlands,Bulgaria,,,4,1,A_WIN,,,,,false,,"Westfalenstadion, Dortmund",,,,,,,,,
250,1974,championship,Group 3,group,false,,23 June    Sweden,Uruguay,,,3,0,A_WIN,,,,,false,,"Rheinstadion, Düsseldorf",,,,,,,,,
251,1974,championship,Group 4,group,false,,15 June    Italy,Haiti,,,3,1,A_WIN,,,,,false,,"Olympiastadion, München",,,,,,,,,
252,1974,championship,Group 4,group,false,,15 June    Poland,Argentina,,,3,2,A_WIN,,,,,false,,"Neckarstadion, Stuttgart",,,,,,,,,
253,1974,championship,Group 4,group,false,,19 June    Haiti,Poland,,,0,7,B_WIN,,,,,false,,"Olympiastadion, München",,,,,,,,,
254,1974,championship,Group 4,group,false,,19 June    Argentina,Italy,,,1,1,DRAW,,,,,false,,"Neckarstadion, Stuttgart",,,,,,,,,
255,1974,championship,Group 4,group,false,,23 June    Argentina,Haiti,,,4,1,A_WIN,,,,,false,,"Olympiastadion, München",,,,,,,,,
256,1974,championship,Group 4,group,false,,23 June    Poland,Italy,,,2,1,A_WIN,,,,,false,,"Neckarstadion, Stuttgart",,,,,,,,,
257,1974,championship,Group A,group,false,,26 June    Brazil,East Germany,,,1,0,A_WIN,,,,,false,,"Niedersachsenstadion, Hanover",,,,,,,,,
258,1974,championship,Group A,group,false,,26 June    Netherlands,Argentina,,,4,0,A_WIN,,,,,false,,"Parkstadion, Gelsenkirchen",,,,,,,,,
259,1974,championship,Group A,group,false,,30 June    East Germany,Netherlands,,,0,2,B_WIN,,,,,false,,"Parkstadion, Gelsenkirchen",,,,,,,,,
260,1974,championship,Group A,group,false,,30 June    Argentina,Brazil,,,1,2,B_WIN,,,,,false,,"Niedersachsenstadion, Hanover",,,,,,,,,
261,1974,championship,Group A,group,false,,3 July     Argentina,East Germany,,,1,1,DRAW,,,,,false,,"Parkstadion, Gelsenkirchen",,,,,,,,,
262,1974,championship,Group A,group,false,,3 July     Netherlands,Brazil,,,2,0,A_WIN,,,,,false,,"Westfalenstadion, Dortmund",,,,,,,,,
263,1974,championship,Group B,group,false,,26 June    Yugoslavia,West Germany,,,0,2,B_WIN,,,,,false,,"Rheinstadion, Düsseldorf",,,,,,,,,
264,1974,championship,Group B,group,false,,26 June    Sweden,Poland,,,0,1,B_WIN,,,,,false,,"Neckarstadion, Stuttgart",,,,,,,,,
265,1974,championship,Group B,group,false,,30 June    West Germany,Sweden,,,4,2,A_WIN,,,,,false,,"Rheinstadion, Düsseldorf",,,,,,,,,
266,1974,championship,Group B,group,false,,30 June    Poland,Yugoslavia,,,2,1,A_WIN,,,,,false,,"Waldstadion, Frankfurt",,,,,,,,,
267,1974,championship,Group B,group,false,,3 July     Poland,West Germany,,,0,1,B_WIN,,,,,false,,"Waldstadion, Frankfurt",,,,,,,,,
268,1974,championship,Group B,group,false,,3 July     Sweden,Yugoslavia,,,2,1,A_WIN,,,,,false,,"Rheinstadion, Düsseldorf",,,,,,,,,
269,1974,championship,Match for third place,third_place,true,,6 July     Brazil,Poland,,,0,1,B_WIN,,,,,false,,"Olympiastadion, München",,,,,,,,,
270,1974,championship,Final,final,true,,7 July     Netherlands,West Germany,,,1,2,B_WIN,,,,,false,,"Olympiastadion, München",,,,,,,,,
271,1978,championship,Group 1,group,false,,2 June   Argentina,Hungary,,,2,1,A_WIN,,,,,false,,"Estadio Monumental, Buenos Aires",,,,,,,,,
272,1978,championship,Group 1,group,false,,2 June   Italy,France,,,2,1,A_WIN,,,,,false,,"Estadio José María Minella, Mar del Plata",,,,,,,,,
273,1978,championship,Group 1,group,false,,6 June   Argentina,France,,,2,1,A_WIN,,,,,false,,"Estadio Monumental, Buenos Aires",,,,,,,,,
274,1978,championship,Group 1,group,false,,6 June   Italy,Hungary,,,3,1,A_WIN,,,,,false,,"Estadio José María Minella, Mar del Plata",,,,,,,,,
275,1978,championship,Group 1,group,false,,10 June  Argentina,Italy,,,0,1,B_WIN,,,,,false,,"Estadio Monumental, Buenos Aires",,,,,,,,,
276,1978,championship,Group 1,group,false,,10 June  France,Hungary,,,3,1,A_WIN,,,,,false,,"Estadio José María Minella, Mar del Plata",,,,,,,,,
277,1978,championship,Group 2,group,false,,1 June   West Germany,Poland,,,0,0,DRAW,,,,,false,,"Estadio Monumental, Buenos Aires",,,,,,,,,
278,1978,championship,Group 2,group,false,,2 June   Tunisia,Mexico,,,3,1,A_WIN,,,,,false,,"Estadio Gigante de Arroyito, Rosario",,,,,,,,,
279,1978,championship,Group 2,group,false,,6 June   Poland,Tunisia,,,1,0,A_WIN,,,,,false,,"Estadio Gigante de Arroyito, Rosario",,,,,,,,,
280,1978,championship,Group 2,group,false,,6 June   West Germany,Mexico,,,6,0,A_WIN,,,,,false,,"Estadio Chateau Carreras, Córdoba",,,,,,,,,
281,1978,championship,Group 2,group,false,,10 June  Poland,Mexico,,,3,1,A_WIN,,,,,false,,"Estadio Gigante de Arroyito, Rosario",,,,,,,,,
282,1978,championship,Group 2,group,false,,10 June  West Germany,Tunisia,,,0,0,DRAW,,,,,false,,"Estadio Olímpico Chateau Carreras, Córdoba",,,,,,,,,
283,1978,championship,Group 3,group,false,,3 June   Austria,Spain,,,2,1,A_WIN,,,,,false,,"Estadio José Amalfitani, Buenos Aires",,,,,,,,,
284,1978,championship,Group 3,group,false,,3 June   Brazil,Sweden,,,1,1,DRAW,,,,,false,,"Estadio José Maria Minella, Mar del Plata",,,,,,,,,
285,1978,championship,Group 3,group,false,,7 June   Austria,Sweden,,,1,0,A_WIN,,,,,false,,"Estadio José Amalfitani, Buenos Aires",,,,,,,,,
286,1978,championship,Group 3,group,false,,7 June   Brazil,Spain,,,0,0,DRAW,,,,,false,,"Estadio José Maria Minella, Mar del Plata",,,,,,,,,
287,1978,championship,Group 3,group,false,,11 June  Spain,Sweden,,,1,0,A_WIN,,,,,false,,"Estadio José Amalfitani, Buenos Aires",,,,,,,,,
288,1978,championship,Group 3,group,false,,11 June  Brazil,Austria,,,1,0,A_WIN,,,,,false,,"Estadio José Maria Minella, Mar del Plata",,,,,,,,,
289,1978,championship,Group 4,group,false,,3 June   Peru,Scotland,,,3,1,A_WIN,,,,,false,,"Estadio Chateau Carreras, Córdoba",,,,,,,,,
290,1978,championship,Group 4,group,false,,3 June   Netherlands,Iran,,,3,0,A_WIN,,,,,false,,"Estadio Ciudad de Mendoza, Mendoza",,,,,,,,,
291,1978,championship,Group 4,group,false,,7 June   Scotland,Iran,,,1,1,DRAW,,,,,false,,"Estadio Chateau Carreras, Córdoba",,,,,,,,,
292,1978,championship,Group 4,group,false,,7 June   Netherlands,Peru,,,0,0,DRAW,,,,,false,,"Estadio Ciudad de Mendoza, Mendoza",,,,,,,,,
293,1978,championship,Group 4,group,false,,11 June  Peru,Iran,,,4,1,A_WIN,,,,,false,,"Estadio Chateau Carreras, Córdoba",,,,,,,,,
294,1978,championship,Group 4,group,false,,11 June  Scotland,Netherlands,,,3,2,A_WIN,,,,,false,,"Estadio Ciudad de Mendoza, Mendoza",,,,,,,,,
295,1978,championship,Group A,group,false,,14 June   Italy,West Germany,,,0,0,DRAW,,,,,false,,"Estadio Monumental, Buenos Aires",,,,,,,,,
296,1978,championship,Group A,group,false,,14 June   Austria,Netherlands,,,1,5,B_WIN,,,,,false,,"Estadio Chateau Carreras, Córdoba",,,,,,,,,
297,1978,championship,Group A,group,false,,18 June   Italy,Austria,,,1,0,A_WIN,,,,,false,,"Estadio Monumental, Buenos Aires",,,,,,,,,
298,1978,championship,Group A,group,false,,18 June   Netherlands,West Germany,,,2,2,DRAW,,,,,false,,"Estadio Chateau Carreras, Córdoba",,,,,,,,,
299,1978,championship,Group A,group,false,,21 June   Italy,Netherlands,,,1,2,B_WIN,,,,,false,,"Estadio Monumental, Buenos Aires",,,,,,,,,
300,1978,championship,Group A,group,false,,21 June   Austria,West Germany,,,3,2,A_WIN,,,,,false,,"Estadio Chateau Carreras, Córdoba",,,,,,,,,
301,1978,championship,Group B,group,false,,14 June   Argentina,Poland,,,2,0,A_WIN,,,,,false,,"Estadio Gigante de Arroyito, Rosario",,,,,,,,,
302,1978,championship,Group B,group,false,,14 June   Peru,Brazil,,,0,3,B_WIN,,,,,false,,"Estadio Ciudad de Mendoza, Mendoza",,,,,,,,,
303,1978,championship,Group B,group,false,,18 June   Argentina,Brazil,,,0,0,DRAW,,,,,false,,"Estadio Gigante de Arroyito, Rosario",,,,,,,,,
304,1978,championship,Group B,group,false,,18 June   Peru,Poland,,,0,1,B_WIN,,,,,false,,"Estadio Ciudad de Mendoza, Mendoza",,,,,,,,,
305,1978,championship,Group B,group,false,,21 June   Argentina,Peru,,,6,0,A_WIN,,,,,false,,"Estadio Gigante de Arroyito, Rosario",,,,,,,,,
306,1978,championship,Group B,group,false,,21 June   Poland,Brazil,,,1,3,B_WIN,,,,,false,,"Estadio Ciudad de Mendoza, Mendoza",,,,,,,,,
307,1978,championship,Third place match,third_place,true,,24 June    Brazil,Italy,,,2,1,A_WIN,,,,,false,,"Estadio Monumental, Buenos Aires",,,,,,,,,
308,1978,championship,Final,final,true,,25 June   Netherlands,Argentina,,,1,1,DRAW,1,3,,,true,a.e.t. (1-1),"Estadio Monumental, Buenos Aires",,,,,,,,,
309,1982,championship,Group 1,group,false,,14 June   Italy,Poland,,,0,0,DRAW,,,,,false,,"Balaídos, Vigo",,,,,,,,,
310,1982,championship,Group 1,group,false,,15 June   Peru,Cameroon,,,0,0,DRAW,,,,,false,,"Estadio de Riazor, A Coruña",,,,,,,,,
311,1982,championship,Group 1,group,false,,18 June   Italy,Peru,,,1,1,DRAW,,,,,false,,"Balaídos, Vigo",,,,,,,,,
312,1982,championship,Group 1,group,false,,19 June   Poland,Cameroon,,,0,0,DRAW,,,,,false,,"Estadio de Riazor, A Coruña",,,,,,,,,
313,1982,championship,Group 1,group,false,,22 June   Poland,Peru,,,5,1,A_WIN,,,,,false,,"Estadio de Riazor, A Coruña",,,,,,,,,
314,1982,championship,Group 1,group,false,,23 June   Italy,Cameroon,,,1,1,DRAW,,,,,false,,"Balaídos, Vigo",,,,,,,,,
315,1982,championship,Group 2,group,false,,16 June   West Germany,Algeria,,,1,2,B_WIN,,,,,false,,"El Molinón, Gijón",,,,,,,,,
316,1982,championship,Group 2,group,false,,17 June   Chile,Austria,,,0,1,B_WIN,,,,,false,,"Estadio Carlos Tartiere, Oviedo",,,,,,,,,
317,1982,championship,Group 2,group,false,,20 June   West Germany,Chile,,,4,1,A_WIN,,,,,false,,"El Molinón, Gijón",,,,,,,,,
318,1982,championship,Group 2,group,false,,21 June   Algeria,Austria,,,0,2,B_WIN,,,,,false,,"Estadio Carlos Tartiere, Oviedo",,,,,,,,,
319,1982,championship,Group 2,group,false,,24 June   Algeria,Chile,,,3,2,A_WIN,,,,,false,,"Estadio Carlos Tartiere, Oviedo",,,,,,,,,
320,1982,championship,Group 2,group,false,,25 June   West Germany,Austria,,,1,0,A_WIN,,,,,false,,"El Molinón, Gijón",,,,,,,,,
321,1982,championship,Group 3,group,false,,13 June   Argentina,Belgium,,,0,1,B_WIN,,,,,false,,"Camp Nou, Barcelona",,,,,,,,,
322,1982,championship,Group 3,group,false,,15 June   Hungary,El Salvador,,,10,1,A_WIN,,,,,false,,"Nuevo Estadio, Elche",,,,,,,,,
323,1982,championship,Group 3,group,false,,18 June   Argentina,Hungary,,,4,1,A_WIN,,,,,false,,"Estadio José Rico Pérez, Alicante",,,,,,,,,
324,1982,championship,Group 3,group,false,,19 June   Belgium,El Salvador,,,1,0,A_WIN,,,,,false,,"Nuevo Estadio, Elche",,,,,,,,,
325,1982,championship,Group 3,group,false,,22 June   Belgium,Hungary,,,1,1,DRAW,,,,,false,,"Nuevo Estadio, Elche",,,,,,,,,
326,1982,championship,Group 3,group,false,,23 June   Argentina,El Salvador,,,2,0,A_WIN,,,,,false,,"Estadio José Rico Pérez, Alicante",,,,,,,,,
327,1982,championship,Group 4,group,false,,16 June   England,France,,,3,1,A_WIN,,,,,false,,"Estadio San Mamés, Bilbao",,,,,,,,,
328,1982,championship,Group 4,group,false,,17 June   Czechoslovakia,Kuwait,,,1,1,DRAW,,,,,false,,"Estadio José Zorrilla, Valladolid",,,,,,,,,
329,1982,championship,Group 4,group,false,,20 June   England,Czechoslovakia,,,2,0,A_WIN,,,,,false,,"Estadio San Mamés, Bilbao",,,,,,,,,
330,1982,championship,Group 4,group,false,,21 June   France,Kuwait,,,4,1,A_WIN,,,,,false,,"Estadio José Zorrilla, Valladolid",,,,,,,,,
331,1982,championship,Group 4,group,false,,24 June   France,Czechoslovakia,,,1,1,DRAW,,,,,false,,"Estadio José Zorrilla, Valladolid",,,,,,,,,
332,1982,championship,Group 4,group,false,,25 June   England,Kuwait,,,1,0,A_WIN,,,,,false,,"Estadio San Mamés, Bilbao",,,,,,,,,
333,1982,championship,Group 5,group,false,,16 June   Spain,Honduras,,,1,1,DRAW,,,,,false,,"Estadio Luis Casanova, Valencia",,,,,,,,,
334,1982,championship,Group 5,group,false,,17 June   Yugoslavia,Northern Ireland,,,0,0,DRAW,,,,,false,,"La Romareda, Zaragoza",,,,,,,,,
335,1982,championship,Group 5,group,false,,20 June   Spain,Yugoslavia,,,2,1,A_WIN,,,,,false,,"Estadio Luis Casanova, Valencia",,,,,,,,,
336,1982,championship,Group 5,group,false,,21 June   Honduras,Northern Ireland,,,1,1,DRAW,,,,,false,,"La Romareda, Zaragoza",,,,,,,,,
337,1982,championship,Group 5,group,false,,24 June   Honduras,Yugoslavia,,,0,1,B_WIN,,,,,false,,"La Romareda, Zaragoza",,,,,,,,,
338,1982,championship,Group 5,group,false,,25 June   Spain,Northern Ireland,,,0,1,B_WIN,,,,,false,,"Estadio Luis Casanova, Valencia",,,,,,,,,
339,1982,championship,Group 6,group,false,,14 June   Brazil,Soviet Union,,,2,1,A_WIN,,,,,false,,"Estadio Ramón Sánchez Pizjuán, Seville",,,,,,,,,
340,1982,championship,Group 6,group,false,,15 June   Scotland,New Zealand,,,5,2,A_WIN,,,,,false,,"Estadio La Rosaleda, Málaga",,,,,,,,,
341,1982,championship,Group 6,group,false,,18 June   Brazil,Scotland,,,4,1,A_WIN,,,,,false,,"Estadio Benito Villamarín, Seville",,,,,,,,,
342,1982,championship,Group 6,group,false,,19 June   Soviet Union,New Zealand,,,3,0,A_WIN,,,,,false,,"Estadio La Rosaleda, Málaga",,,,,,,,,
343,1982,championship,Group 6,group,false,,22 June   Soviet Union,Scotland,,,2,2,DRAW,,,,,false,,"Estadio La Rosaleda, Málaga",,,,,,,,,
344,1982,championship,Group 6,group,false,,23 June   Brazil,New Zealand,,,4,0,A_WIN,,,,,false,,"Estadio Benito Villamarín, Seville",,,,,,,,,
345,1982,championship,Group A,group,false,,28 June   Poland,Belgium,,,3,0,A_WIN,,,,,false,,"Camp Nou, Barcelona",,,,,,,,,
346,1982,championship,Group A,group,false,,1 July    Belgium,Soviet Union,,,0,1,B_WIN,,,,,false,,"Camp Nou, Barcelona",,,,,,,,,
347,1982,championship,Group A,group,false,,4 July    Soviet Union,Poland,,,0,0,DRAW,,,,,false,,"Camp Nou, Barcelona",,,,,,,,,
348,1982,championship,Group B,group,false,,29 June   West Germany,England,,,0,0,DRAW,,,,,false,,"Estadio Santiago Bernabéu, Madrid",,,,,,,,,
349,1982,championship,Group B,group,false,,2 July    West Germany,Spain,,,2,1,A_WIN,,,,,false,,"Estadio Santiago Bernabéu, Madrid",,,,,,,,,
350,1982,championship,Group B,group,false,,5 July    Spain,England,,,0,0,DRAW,,,,,false,,"Estadio Santiago Bernabéu, Madrid",,,,,,,,,
351,1982,championship,Group C,group,false,,29 June   Italy,Argentina,,,2,1,A_WIN,,,,,false,,"Estadio Sarriá, Barcelona",,,,,,,,,
352,1982,championship,Group C,group,false,,2 July    Argentina,Brazil,,,1,3,B_WIN,,,,,false,,"Estadio Sarriá, Barcelona",,,,,,,,,
353,1982,championship,Group C,group,false,,5 July    Italy,Brazil,,,3,2,A_WIN,,,,,false,,"Estadio Sarriá, Barcelona",,,,,,,,,
354,1982,championship,Group D,group,false,,28 June   Austria,France,,,0,1,B_WIN,,,,,false,,"Estadio Vicente Calderón, Madrid",,,,,,,,,
355,1982,championship,Group D,group,false,,1 July    Austria,Northern Ireland,,,2,2,DRAW,,,,,false,,"Estadio Vicente Calderón, Madrid",,,,,,,,,
356,1982,championship,Group D,group,false,,4 July    Northern Ireland,France,,,1,4,B_WIN,,,,,false,,"Estadio Vicente Calderón, Madrid",,,,,,,,,
357,1982,championship,Semi-finals,semi_final,true,,8 July    Poland,Italy,,,0,2,B_WIN,,,,,false,,"Camp Nou, Barcelona",,,,,,,,,
358,1982,championship,Semi-finals,semi_final,true,,8 July    West Germany,France,,,1,1,DRAW,3,3,5,4,true,"a.e.t. (1-1) , 5-4 pen.","Estadio Ramón Sánchez Pizjuán, Seville",,,,,,,,,
359,1982,championship,Third place match,third_place,true,,10 July   Poland,France,,,3,2,A_WIN,,,,,false,,"Estadio José Rico Pérez, Alicante",,,,,,,,,
360,1982,championship,Final,final,true,,11 July   Italy,West Germany,,,3,1,A_WIN,,,,,false,,Estadio Santiago Bernabéu,,,,,,,,,
361,1986,championship,Group A,group,false,,31 May   Bulgaria,Italy,,,1,1,DRAW,,,,,false,,"Estadio Azteca, Mexico City",,,,,,,,,
362,1986,championship,Group A,group,false,,2 June   Argentina,South Korea,,,3,1,A_WIN,,,,,false,,"Estadio Olímpico Universitario, Mexico City",,,,,,,,,
363,1986,championship,Group A,group,false,,5 June   Italy,Argentina,,,1,1,DRAW,,,,,false,,"Estadio Cuauhtémoc, Puebla",,,,,,,,,
364,1986,championship,Group A,group,false,,5 June   South Korea,Bulgaria,,,1,1,DRAW,,,,,false,,"Estadio Olímpico Universitario, Mexico City",,,,,,,,,
365,1986,championship,Group A,group,false,,10 June  South Korea,Italy,,,2,3,B_WIN,,,,,false,,"Estadio Cuauhtémoc, Puebla",,,,,,,,,
366,1986,championship,Group A,group,false,,10 June  Argentina,Bulgaria,,,2,0,A_WIN,,,,,false,,"Estadio Olímpico Universitario, Mexico City",,,,,,,,,
367,1986,championship,Group B,group,false,,3 June   Belgium,Mexico,,,1,2,B_WIN,,,,,false,,"Estadio Azteca, Mexico City",,,,,,,,,
368,1986,championship,Group B,group,false,,4 June   Paraguay,Iraq,,,1,0,A_WIN,,,,,false,,"Estadio Nemesio Díez, Toluca",,,,,,,,,
369,1986,championship,Group B,group,false,,7 June   Mexico,Paraguay,,,1,1,DRAW,,,,,false,,"Estadio Azteca, Mexico City",,,,,,,,,
370,1986,championship,Group B,group,false,,8 June   Iraq,Belgium,,,1,2,B_WIN,,,,,false,,"Estadio Nemesio Díez, Toluca",,,,,,,,,
371,1986,championship,Group B,group,false,,11 June  Iraq,Mexico,,,0,1,B_WIN,,,,,false,,"Estadio Azteca, Mexico City",,,,,,,,,
372,1986,championship,Group B,group,false,,11 June  Paraguay,Belgium,,,2,2,DRAW,,,,,false,,"Estadio Nemesio Díez, Toluca",,,,,,,,,
373,1986,championship,Group C,group,false,,1 June   Canada,France,,,0,1,B_WIN,,,,,false,,"Estadio Nou Camp, León",,,,,,,,,
374,1986,championship,Group C,group,false,,2 June   Soviet Union,Hungary,,,6,0,A_WIN,,,,,false,,"Estadio Sergio León Chavez, Irapuato",,,,,,,,,
375,1986,championship,Group C,group,false,,5 June   France,Soviet Union,,,1,1,DRAW,,,,,false,,"Estadio Nou Camp, León",,,,,,,,,
376,1986,championship,Group C,group,false,,6 June   Hungary,Canada,,,2,0,A_WIN,,,,,false,,"Estadio Sergio León Chavez, Irapuato",,,,,,,,,
377,1986,championship,Group C,group,false,,9 June   Hungary,France,,,0,3,B_WIN,,,,,false,,"Estadio Nou Camp, León",,,,,,,,,
378,1986,championship,Group C,group,false,,9 June   Soviet Union,Canada,,,2,0,A_WIN,,,,,false,,"Estadio Sergio León Chavez, Irapuato",,,,,,,,,
379,1986,championship,Group D,group,false,,1 June   Spain,Brazil,,,0,1,B_WIN,,,,,false,,"Estadio Jalisco, Guadalajara",,,,,,,,,
380,1986,championship,Group D,group,false,,3 June   Algeria,Northern Ireland,,,1,1,DRAW,,,,,false,,"Estadio Tres de Marzo, Guadalajara",,,,,,,,,
381,1986,championship,Group D,group,false,,6 June   Brazil,Algeria,,,1,0,A_WIN,,,,,false,,"Estadio Jalisco, Guadalajara",,,,,,,,,
382,1986,championship,Group D,group,false,,7 June   Northern Ireland,Spain,,,1,2,B_WIN,,,,,false,,"Estadio Tres de Marzo, Guadalajara",,,,,,,,,
383,1986,championship,Group D,group,false,,12 June  Northern Ireland,Brazil,,,0,3,B_WIN,,,,,false,,"Estadio Jalisco, Guadalajara",,,,,,,,,
384,1986,championship,Group D,group,false,,12 June  Algeria,Spain,,,0,3,B_WIN,,,,,false,,"Estadio Tecnológico, Monterrey",,,,,,,,,
385,1986,championship,Group E,group,false,,4 June  Uruguay,West Germany,,,1,1,DRAW,,,,,false,,"Estadio La Corregidora, Querétaro",,,,,,,,,
386,1986,championship,Group E,group,false,,4 June  Scotland,Denmark,,,0,1,B_WIN,,,,,false,,"Estadio Neza 86, Nezahualcóyotl",,,,,,,,,
387,1986,championship,Group E,group,false,,8 June  West Germany,Scotland,,,2,1,A_WIN,,,,,false,,"Estadio La Corregidora, Querétaro",,,,,,,,,
388,1986,championship,Group E,group,false,,8 June  Denmark,Uruguay,,,6,1,A_WIN,,,,,false,,"Estadio Neza 86, Nezahualcóyotl",,,,,,,,,
389,1986,championship,Group E,group,false,,13 June Denmark,West Germany,,,2,0,A_WIN,,,,,false,,"Estadio La Corregidora, Querétaro",,,,,,,,,
390,1986,championship,Group E,group,false,,13 June Scotland,Uruguay,,,0,0,DRAW,,,,,false,,"Estadio Neza 86, Nezahualcóyotl",,,,,,,,,
391,1986,championship,Group F,group,false,,2 June   Morocco,Poland,,,0,0,DRAW,,,,,false,,"Estadio Universitario, Monterrey",,,,,,,,,
392,1986,championship,Group F,group,false,,3 June   Portugal,England,,,1,0,A_WIN,,,,,false,,"Estadio Tecnológico, Monterrey",,,,,,,,,
393,1986,championship,Group F,group,false,,6 June   England,Morocco,,,0,0,DRAW,,,,,false,,"Estadio Tecnológico, Monterrey",,,,,,,,,
394,1986,championship,Group F,group,false,,7 June   Poland,Portugal,,,1,0,A_WIN,,,,,false,,"Estadio Universitario, Monterrey",,,,,,,,,
395,1986,championship,Group F,group,false,,11 June  Portugal,Morocco,,,1,3,B_WIN,,,,,false,,"Estadio Tres de Marzo, Guadalajara",,,,,,,,,
396,1986,championship,Group F,group,false,,11 June  England,Poland,,,3,0,A_WIN,,,,,false,,"Estadio Tecnológico, Monterrey",,,,,,,,,
397,1986,championship,Round of 16,round_of_16,true,,15 June   Mexico,Bulgaria,,,2,0,A_WIN,,,,,false,,"Estadio Azteca, Mexico City",,,,,,,,,
398,1986,championship,Round of 16,round_of_16,true,,15 June   Soviet Union,Belgium,,,2,2,DRAW,3,4,,,true,a.e.t. (2-2),"Estadio Nou Camp, León",,,,,,,,,
399,1986,championship,Round of 16,round_of_16,true,,16 June   Argentina,Uruguay,,,1,0,A_WIN,,,,,false,,"Estadio Cuauhtémoc, Puebla",,,,,,,,,
400,1986,championship,Round of 16,round_of_16,true,,16 June   Brazil,Poland,,,4,0,A_WIN,,,,,false,,"Estadio Jalisco, Guadalajara",,,,,,,,,
401,1986,championship,Round of 16,round_of_16,true,,17 June   Italy,France,,,0,2,B_WIN,,,,,false,,"Estadio Olímpico Universitario, Mexico City",,,,,,,,,
402,1986,championship,Round of 16,round_of_16,true,,17 June   Morocco,West Germany,,,0,1,B_WIN,,,,,false,,"Estadio Universitario, Monterrey",,,,,,,,,
403,1986,championship,Round of 16,round_of_16,true,,18 June   England,Paraguay,,,3,0,A_WIN,,,,,false,,"Estadio Azteca, Mexico City",,,,,,,,,
404,1986,championship,Round of 16,round_of_16,true,,18 June   Denmark,Spain,,,1,5,B_WIN,,,,,false,,"Estadio La Corregidora, Querétaro",,,,,,,,,
405,1986,championship,Quarter-finals,quarter_final,true,,21 June    Brazil,France,,,1,1,DRAW,1,1,3,4,true,"a.e.t. (1-1) , 3-4 pen.","Estadio Jalisco, Guadalajara",,,,,,,,,
406,1986,championship,Quarter-finals,quarter_final,true,,21 June    West Germany,Mexico,,,0,0,DRAW,0,0,4,1,true,"a.e.t. (0-0) , 4-1 pen.","Estadio Universitario, Monterrey",,,,,,,,,
407,1986,championship,Quarter-finals,quarter_final,true,,22 June    Spain,Belgium,,,1,1,DRAW,1,1,4,5,true,"a.e.t. (1-1) , 4-5 pen.","Estadio Cuauhtémoc, Puebla",,,,,,,,,
408,1986,championship,Quarter-finals,quarter_final,true,,22 June    Argentina,England,,,2,1,A_WIN,,,,,false,,"Estadio Azteca, Mexico City",,,,,,,,,
409,1986,championship,Semi-finals,semi_final,true,,25 June    Argentina,Belgium,,,2,0,A_WIN,,,,,false,,"Estadio Azteca, Mexico City",,,,,,,,,
410,1986,championship,Semi-finals,semi_final,true,,25 June    France,West Germany,,,0,2,B_WIN,,,,,false,,"Estadio Jalisco, Guadalajara",,,,,,,,,
411,1986,championship,Third place match,third_place,true,,28 June    France,Belgium,,,2,2,DRAW,4,2,,,true,a.e.t. (2-2),"Estadio Cuauhtémoc, Puebla",,,,,,,,,
412,1986,championship,Final,final,true,,29 June    Argentina,West Germany,,,3,2,A_WIN,,,,,false,,"Estadio Azteca, Mexico City",,,,,,,,,
413,1990,championship,Group A,group,false,,9 June   Italy,Austria,,,1,0,A_WIN,,,,,false,,"Stadio Olimpico, Rome",,,,,,,,,
414,1990,championship,Group A,group,false,,10 June  United States,Czechoslovakia,,,1,5,B_WIN,,,,,false,,"Stadio Comunale, Florence",,,,,,,,,
415,1990,championship,Group A,group,false,,14 June  Italy,United States,,,1,0,A_WIN,,,,,false,,"Stadio Olimpico, Rome",,,,,,,,,
416,1990,championship,Group A,group,false,,15 June  Austria,Czechoslovakia,,,0,1,B_WIN,,,,,false,,"Stadio Comunale, Florence",,,,,,,,,
417,1990,championship,Group A,group,false,,19 June  Italy,Czechoslovakia,,,2,0,A_WIN,,,,,false,,"Stadio Olimpico, Rome",,,,,,,,,
418,1990,championship,Group A,group,false,,19 June  Austria,United States,,,2,1,A_WIN,,,,,false,,"Stadio Comunale, Florence",,,,,,,,,
419,1990,championship,Group B,group,false,,8 June   Argentina,Cameroon,,,0,1,B_WIN,,,,,false,,"San Siro, Milan",,,,,,,,,
420,1990,championship,Group B,group,false,,9 June   Soviet Union,Romania,,,0,2,B_WIN,,,,,false,,"Stadio San Nicola, Bari",,,,,,,,,
421,1990,championship,Group B,group,false,,13 June  Argentina,Soviet Union,,,2,0,A_WIN,,,,,false,,"Stadio San Paolo, Naples",,,,,,,,,
422,1990,championship,Group B,group,false,,14 June  Cameroon,Romania,,,2,1,A_WIN,,,,,false,,"Stadio San Nicola, Bari",,,,,,,,,
423,1990,championship,Group B,group,false,,18 June  Argentina,Romania,,,1,1,DRAW,,,,,false,,"Stadio San Paolo, Naples",,,,,,,,,
424,1990,championship,Group B,group,false,,18 June  Cameroon,Soviet Union,,,0,4,B_WIN,,,,,false,,"Stadio San Nicola, Bari",,,,,,,,,
425,1990,championship,Group C,group,false,,10 June   Brazil,Sweden,,,2,1,A_WIN,,,,,false,,"Stadio Delle Alpi, Turin",,,,,,,,,
426,1990,championship,Group C,group,false,,11 June   Costa Rica,Scotland,,,1,0,A_WIN,,,,,false,,"Stadio Luigi Ferraris, Genoa",,,,,,,,,
427,1990,championship,Group C,group,false,,16 June   Brazil,Costa Rica,,,1,0,A_WIN,,,,,false,,"Stadio Delle Alpi, Turin",,,,,,,,,
428,1990,championship,Group C,group,false,,16 June   Sweden,Scotland,,,1,2,B_WIN,,,,,false,,"Stadio Luigi Ferraris, Genoa",,,,,,,,,
429,1990,championship,Group C,group,false,,20 June   Brazil,Scotland,,,1,0,A_WIN,,,,,false,,"Stadio Delle Alpi, Turin",,,,,,,,,
430,1990,championship,Group C,group,false,,20 June   Sweden,Costa Rica,,,1,2,B_WIN,,,,,false,,"Stadio Luigi Ferraris, Genoa",,,,,,,,,
431,1990,championship,Group D,group,false,,9 June    United Arab Emirates,Colombia,,,0,2,B_WIN,,,,,false,,"Stadio Renato Dall'Ara, Bologna",,,,,,,,,
432,1990,championship,Group D,group,false,,10 June   West Germany,Yugoslavia,,,4,1,A_WIN,,,,,false,,"San Siro, Milan",,,,,,,,,
433,1990,championship,Group D,group,false,,14 June   Yugoslavia,Colombia,,,1,0,A_WIN,,,,,false,,"Stadio Renato Dall'Ara, Bologna",,,,,,,,,
434,1990,championship,Group D,group,false,,15 June   West Germany,United Arab Emirates,,,5,1,A_WIN,,,,,false,,"San Siro, Milan",,,,,,,,,
435,1990,championship,Group D,group,false,,19 June   West Germany,Colombia,,,1,1,DRAW,,,,,false,,"San Siro, Milan",,,,,,,,,
436,1990,championship,Group D,group,false,,19 June   Yugoslavia,United Arab Emirates,,,4,1,A_WIN,,,,,false,,"Stadio Renato Dall'Ara, Bologna",,,,,,,,,
437,1990,championship,Group E,group,false,,12 June    Belgium,South Korea,,,2,0,A_WIN,,,,,false,,"Stadio Marc'Antonio Bentegodi, Verona",,,,,,,,,
438,1990,championship,Group E,group,false,,13 June    Uruguay,Spain,,,0,0,DRAW,,,,,false,,"Stadio Friuli, Udine",,,,,,,,,
439,1990,championship,Group E,group,false,,17 June    Belgium,Uruguay,,,3,1,A_WIN,,,,,false,,"Stadio Marc'Antonio Bentegodi, Verona",,,,,,,,,
440,1990,championship,Group E,group,false,,17 June    South Korea,Spain,,,1,3,B_WIN,,,,,false,,"Stadio Friuli, Udine",,,,,,,,,
441,1990,championship,Group E,group,false,,21 June    Belgium,Spain,,,1,2,B_WIN,,,,,false,,"Stadio Marc'Antonio Bentegodi, Verona",,,,,,,,,
442,1990,championship,Group E,group,false,,21 June    South Korea,Uruguay,,,0,1,B_WIN,,,,,false,,"Stadio Friuli, Udine",,,,,,,,,
443,1990,championship,Group F,group,false,,11 June    England,Ireland,,,1,1,DRAW,,,,,false,,"Stadio Sant'Elia, Cagliari",,,,,,,,,
444,1990,championship,Group F,group,false,,12 June    Netherlands,Egypt,,,1,1,DRAW,,,,,false,,"Stadio La Favorita, Palermo",,,,,,,,,
445,1990,championship,Group F,group,false,,16 June    England,Netherlands,,,0,0,DRAW,,,,,false,,"Stadio Sant'Elia, Cagliari",,,,,,,,,
446,1990,championship,Group F,group,false,,17 June    Ireland,Egypt,,,0,0,DRAW,,,,,false,,"Stadio La Favorita, Palermo",,,,,,,,,
447,1990,championship,Group F,group,false,,21 June    England,Egypt,,,1,0,A_WIN,,,,,false,,"Stadio Sant'Elia, Cagliari",,,,,,,,,
448,1990,championship,Group F,group,false,,21 June    Ireland,Netherlands,,,1,1,DRAW,,,,,false,,"Stadio La Favorita, Palermo",,,,,,,,,
449,1990,championship,Round of 16,round_of_16,true,,23 June   Cameroon,Colombia,,,0,0,DRAW,2,1,,,true,a.e.t. (0-0),"Stadio San Paolo, Naples",,,,,,,,,
450,1990,championship,Round of 16,round_of_16,true,,23 June   Czechoslovakia,Costa Rica,,,4,1,A_WIN,,,,,false,,"Stadio San Nicola, Bari",,,,,,,,,
451,1990,championship,Round of 16,round_of_16,true,,24 June   Brazil,Argentina,,,0,1,B_WIN,,,,,false,,"Stadio Delle Alpi, Turin",,,,,,,,,
452,1990,championship,Round of 16,round_of_16,true,,24 June   West Germany,Netherlands,,,2,1,A_WIN,,,,,false,,"San Siro, Milan",,,,,,,,,
453,1990,championship,Round of 16,round_of_16,true,,25 June   Ireland,Romania,,,0,0,DRAW,0,0,5,4,true,"a.e.t. (0-0) , 5-4 pen.","Stadio Luigi Ferraris, Genoa",,,,,,,,,
454,1990,championship,Round of 16,round_of_16,true,,25 June   Italy,Uruguay,,,2,0,A_WIN,,,,,false,,"Stadio Olimpico, Rome",,,,,,,,,
455,1990,championship,Round of 16,round_of_16,true,,26 June   Spain,Yugoslavia,,,1,1,DRAW,1,2,,,true,a.e.t. (1-1),"Stadio Marc'Antonio Bentegodi, Verona",,,,,,,,,
456,1990,championship,Round of 16,round_of_16,true,,26 June   England,Belgium,,,0,0,DRAW,1,0,,,true,a.e.t. (0-0),"Stadio Renato Dall'Ara, Bologna",,,,,,,,,
457,1990,championship,Quarter-finals,quarter_final,true,,30 June    Yugoslavia,Argentina,,,0,0,DRAW,0,0,2,3,true,"a.e.t. (0-0) , 2-3 pen.","Stadio Artemio Franchi, Florence",,,,,,,,,
458,1990,championship,Quarter-finals,quarter_final,true,,30 June    Italy,Ireland,,,1,0,A_WIN,,,,,false,,"Stadio Olimpico, Rome",,,,,,,,,
459,1990,championship,Quarter-finals,quarter_final,true,,1 July     West Germany,Czechoslovakia,,,1,0,A_WIN,,,,,false,,"San Siro, Milan",,,,,,,,,
460,1990,championship,Quarter-finals,quarter_final,true,,1 July     England,Cameroon,,,2,2,DRAW,3,2,,,true,a.e.t. (2-2),"Stadio San Paolo, Naples",,,,,,,,,
461,1990,championship,Semi-finals,semi_final,true,,3 July     Italy,Argentina,,,1,1,DRAW,1,1,3,4,true,"a.e.t. (1-1) , 3-4 pen.","Stadio San Paolo, Naples",,,,,,,,,
462,1990,championship,Semi-finals,semi_final,true,,4 July     West Germany,England,,,1,1,DRAW,1,1,4,3,true,"a.e.t. (1-1) , 4-3 pen.","Stadio delle Alpi, Turin",,,,,,,,,
463,1990,championship,Third place match,third_place,true,,7 July     Italy,England,,,2,1,A_WIN,,,,,false,,"Stadio San Nicola, Bari",,,,,,,,,
464,1990,championship,Final,final,true,,8 July     West Germany,Argentina,,,1,0,A_WIN,,,,,false,,"Stadio Olimpico, Rome",,,,,,,,,
465,1994,championship,Group A,group,false,1994-06-18,USA,Switzerland,USA,SUI,1,1,DRAW,,,,,false,,"Pontiac Silverdome, Pontiac",23,8,46,54,-15,-8,CONCACAF,UEFA,false
466,1994,championship,Group A,group,false,1994-06-18,Colombia,Romania,COL,ROU,1,3,B_WIN,,,,,false,,"Rose Bowl, Pasadena",18,10,50,54,-8,-4,CONMEBOL,UEFA,false
467,1994,championship,Group A,group,false,1994-06-22,Romania,Switzerland,ROU,SUI,1,4,B_WIN,,,,,false,,"Pontiac Silverdome, Pontiac",10,8,54,54,-2,0,UEFA,UEFA,true
468,1994,championship,Group A,group,false,1994-06-22,USA,Colombia,USA,COL,2,1,A_WIN,,,,,false,,"Rose Bowl, Pasadena",23,18,46,50,-5,-4,CONCACAF,CONMEBOL,false
469,1994,championship,Group A,group,false,1994-06-26,USA,Romania,USA,ROU,0,1,B_WIN,,,,,false,,"Rose Bowl, Pasadena",23,10,46,54,-13,-8,CONCACAF,UEFA,false
470,1994,championship,Group A,group,false,1994-06-26,Switzerland,Colombia,SUI,COL,0,2,B_WIN,,,,,false,,"Stanford Stadium, Stanford",8,18,54,50,10,4,UEFA,CONMEBOL,false
471,1994,championship,Group B,group,false,1994-06-19,Cameroon,Sweden,CMR,SWE,2,2,DRAW,,,,,false,,"Rose Bowl, Pasadena",24,3,46,57,-21,-11,CAF,UEFA,false
472,1994,championship,Group B,group,false,1994-06-20,Brazil,Russia,BRA,RUS,2,0,A_WIN,,,,,false,,"Stanford Stadium, Stanford",1,20,59,49,19,10,CONMEBOL,UEFA,false
473,1994,championship,Group B,group,false,1994-06-24,Brazil,Cameroon,BRA,CMR,3,0,A_WIN,,,,,false,,"Stanford Stadium, Stanford",1,24,59,46,23,13,CONMEBOL,CAF,false
474,1994,championship,Group B,group,false,1994-06-24,Sweden,Russia,SWE,RUS,3,1,A_WIN,,,,,false,,"Pontiac Silverdome, Pontiac",3,20,57,49,17,8,UEFA,UEFA,true
475,1994,championship,Group B,group,false,1994-06-28,Russia,Cameroon,RUS,CMR,6,1,A_WIN,,,,,false,,"Stanford Stadium, Stanford",20,24,49,46,4,3,UEFA,CAF,false
476,1994,championship,Group B,group,false,1994-06-28,Brazil,Sweden,BRA,SWE,1,1,DRAW,,,,,false,,"Pontiac Silverdome, Pontiac",1,3,59,57,2,2,CONMEBOL,UEFA,false
477,1994,championship,Group C,group,false,1994-06-17,Germany,Bolivia,GER,BOL,1,0,A_WIN,,,,,false,,"Soldier Field, Chicago",2,43,59,35,41,24,UEFA,CONMEBOL,false
478,1994,championship,Group C,group,false,1994-06-17,Spain,South Korea,ESP,KOR,2,2,DRAW,,,,,false,,"Cotton Bowl, Dallas",9,37,54,37,28,17,UEFA,AFC,false
479,1994,championship,Group C,group,false,1994-06-21,Germany,Spain,GER,ESP,1,1,DRAW,,,,,false,,"Soldier Field, Chicago",2,9,59,54,7,5,UEFA,UEFA,true
480,1994,championship,Group C,group,false,1994-06-23,South Korea,Bolivia,KOR,BOL,0,0,DRAW,,,,,false,,"Foxboro Stadium, Foxborough",37,43,37,35,6,2,AFC,CONMEBOL,false
481,1994,championship,Group C,group,false,1994-06-27,Bolivia,Spain,BOL,ESP,1,3,B_WIN,,,,,false,,"Soldier Field, Chicago",43,9,35,54,-34,-19,CONMEBOL,UEFA,false
482,1994,championship,Group C,group,false,1994-06-27,Germany,South Korea,GER,KOR,3,2,A_WIN,,,,,false,,"Cotton Bowl, Dallas",2,37,59,37,35,22,UEFA,AFC,false
483,1994,championship,Group D,group,false,1994-06-21,Argentina,Greece,ARG,GRE,4,0,A_WIN,,,,,false,,"Foxboro Stadium, Foxborough",6,32,55,41,26,14,CONMEBOL,UEFA,false
484,1994,championship,Group D,group,false,1994-06-21,Nigeria,Bulgaria,NGA,BUL,3,0,A_WIN,,,,,false,,"Cotton Bowl, Dallas",7,29,55,44,22,11,CAF,UEFA,false
485,1994,championship,Group D,group,false,1994-06-25,Argentina,Nigeria,ARG,NGA,2,1,A_WIN,,,,,false,,"Foxboro Stadium, Foxborough",6,7,55,55,1,0,CONMEBOL,CAF,false
486,1994,championship,Group D,group,false,1994-06-26,Greece,Bulgaria,GRE,BUL,0,4,B_WIN,,,,,false,,"Soldier Field, Chicago",32,29,41,44,-3,-3,UEFA,UEFA,true
487,1994,championship,Group D,group,false,1994-06-30,Greece,Nigeria,GRE,NGA,0,2,B_WIN,,,,,false,,"Foxboro Stadium, Foxborough",32,7,41,55,-25,-14,UEFA,CAF,false
488,1994,championship,Group D,group,false,1994-06-30,Argentina,Bulgaria,ARG,BUL,0,2,B_WIN,,,,,false,,"Cotton Bowl, Dallas",6,29,55,44,23,11,CONMEBOL,UEFA,false
489,1994,championship,Group E,group,false,1994-06-18,Italy,Ireland,ITA,,0,1,B_WIN,,,,,false,,"Giants Stadium, East Rutherford",16,,50,,,,UEFA,,
490,1994,championship,Group E,group,false,1994-06-19,Norway,Mexico,NOR,MEX,1,0,A_WIN,,,,,false,,"RFK Stadium, Washington",4,13,56,51,9,5,UEFA,CONCACAF,false
491,1994,championship,Group E,group,false,1994-06-23,Italy,Norway,ITA,NOR,1,0,A_WIN,,,,,false,,"Giants Stadium, East Rutherford",16,4,50,56,-12,-6,UEFA,UEFA,true
492,1994,championship,Group E,group,false,1994-06-24,Mexico,Ireland,MEX,,2,1,A_WIN,,,,,false,,"Citrus Bowl, Orlando",13,,51,,,,CONCACAF,,
493,1994,championship,Group E,group,false,1994-06-28,Ireland,Norway,,NOR,0,0,DRAW,,,,,false,,"Giants Stadium, East Rutherford",,4,,56,,,,UEFA,
494,1994,championship,Group E,group,false,1994-06-28,Italy,Mexico,ITA,MEX,1,1,DRAW,,,,,false,,"RFK Stadium, Washington",16,13,50,51,-3,-1,UEFA,CONCACAF,false
495,1994,championship,Group F,group,false,1994-06-19,Belgium,Morocco,BEL,MAR,1,0,A_WIN,,,,,false,,"Citrus Bowl, Orlando",34,30,40,44,-4,-4,UEFA,CAF,false
496,1994,championship,Group F,group,false,1994-06-20,Netherlands,Saudi Arabia,NED,KSA,2,1,A_WIN,,,,,false,,"RFK Stadium, Washington",11,35,53,39,24,14,UEFA,AFC,false
497,1994,championship,Group F,group,false,1994-06-25,Belgium,Netherlands,BEL,NED,1,0,A_WIN,,,,,false,,"Citrus Bowl, Orlando",34,11,40,53,-23,-13,UEFA,UEFA,true
498,1994,championship,Group F,group,false,1994-06-25,Saudi Arabia,Morocco,KSA,MAR,2,1,A_WIN,,,,,false,,"Giants Stadium, East Rutherford",35,30,39,44,-5,-5,AFC,CAF,false
499,1994,championship,Group F,group,false,1994-06-29,Morocco,Netherlands,MAR,NED,1,2,B_WIN,,,,,false,,"Citrus Bowl, Orlando",30,11,44,53,-19,-9,CAF,UEFA,false
500,1994,championship,Group F,group,false,1994-06-29,Belgium,Saudi Arabia,BEL,KSA,0,1,B_WIN,,,,,false,,"RFK Stadium, Washington",34,35,40,39,1,1,UEFA,AFC,false
501,1994,championship,Round of 16,round_of_16,true,1994-07-02,Germany,Belgium,GER,BEL,3,2,A_WIN,,,,,false,,"Soldier Field, Chicago",2,34,59,40,32,19,UEFA,UEFA,true
502,1994,championship,Round of 16,round_of_16,true,1994-07-02,Spain,Switzerland,ESP,SUI,3,0,A_WIN,,,,,false,,"RFK Stadium, Washington",9,8,54,54,-1,0,UEFA,UEFA,true
503,1994,championship,Round of 16,round_of_16,true,1994-07-03,Saudi Arabia,Sweden,KSA,SWE,1,3,B_WIN,,,,,false,,"Cotton Bowl, Dallas",35,3,39,57,-32,-18,AFC,UEFA,false
504,1994,championship,Round of 16,round_of_16,true,1994-07-03,Romania,Argentina,ROU,ARG,3,2,A_WIN,,,,,false,,"Rose Bowl, Pasadena",10,6,54,55,-4,-1,UEFA,CONMEBOL,false
505,1994,championship,Round of 16,round_of_16,true,1994-07-04,Netherlands,Ireland,NED,,2,0,A_WIN,,,,,false,,"Citrus Bowl, Orlando",11,,53,,,,UEFA,,
506,1994,championship,Round of 16,round_of_16,true,1994-07-04,Brazil,USA,BRA,USA,1,0,A_WIN,,,,,false,,"Stanford Stadium, Stanford",1,23,59,46,22,13,CONMEBOL,CONCACAF,false
507,1994,championship,Round of 16,round_of_16,true,1994-07-05,Nigeria,Italy,NGA,ITA,1,1,DRAW,1,2,,,true,a.e.t. (1-1),"Foxboro Stadium, Foxborough",7,16,55,50,9,5,CAF,UEFA,false
508,1994,championship,Round of 16,round_of_16,true,1994-07-05,Mexico,Bulgaria,MEX,BUL,1,1,DRAW,1,1,1,3,true,"a.e.t. (1-1) , 1-3 pen.","Giants Stadium, East Rutherford",13,29,51,44,16,7,CONCACAF,UEFA,false
509,1994,championship,Quarter-finals,quarter_final,true,1994-07-09,Italy,Spain,ITA,ESP,2,1,A_WIN,,,,,false,,"Foxboro Stadium, Foxborough",16,9,50,54,-7,-4,UEFA,UEFA,true
510,1994,championship,Quarter-finals,quarter_final,true,1994-07-09,Netherlands,Brazil,NED,BRA,2,3,B_WIN,,,,,false,,"Cotton Bowl, Dallas",11,1,53,59,-10,-6,UEFA,CONMEBOL,false
511,1994,championship,Quarter-finals,quarter_final,true,1994-07-10,Bulgaria,Germany,BUL,GER,2,1,A_WIN,,,,,false,,"Giants Stadium, East Rutherford",29,2,44,59,-27,-15,UEFA,UEFA,true
512,1994,championship,Quarter-finals,quarter_final,true,1994-07-10,Romania,Sweden,ROU,SWE,1,1,DRAW,2,2,4,5,true,"a.e.t. (1-1) , 4-5 pen.","Stanford Stadium, Stanford",10,3,54,57,-7,-3,UEFA,UEFA,true
513,1994,championship,Semi-finals,semi_final,true,1994-07-13,Bulgaria,Italy,BUL,ITA,1,2,B_WIN,,,,,false,,"Giants Stadium, East Rutherford",29,16,44,50,-13,-6,UEFA,UEFA,true
514,1994,championship,Semi-finals,semi_final,true,1994-07-13,Sweden,Brazil,SWE,BRA,0,1,B_WIN,,,,,false,,"Rose Bowl, Pasadena",3,1,57,59,-2,-2,UEFA,CONMEBOL,false
515,1994,championship,Third-place match,third_place,true,1994-07-16,Sweden,Bulgaria,SWE,BUL,4,0,A_WIN,,,,,false,,"Rose Bowl, Pasadena",3,29,57,44,26,13,UEFA,UEFA,true
516,1994,championship,Final,final,true,1994-07-17,Brazil,Italy,BRA,ITA,0,0,DRAW,0,0,3,2,true,"a.e.t. (0-0) , 3-2 pen.","Rose Bowl, Pasadena",1,16,59,50,15,9,CONMEBOL,UEFA,false
517,1998,championship,Group A,group,false,,10 June    Brazil,Scotland,,SCO,2,1,A_WIN,,,,,false,,"Stade de France, Saint-Denis",,41,,48,,,,UEFA,
518,1998,championship,Group A,group,false,,10 June    Morocco,Norway,,NOR,2,2,DRAW,,,,,false,,"Stade de la Mosson, Montpellier",,7,,60,,,,UEFA,
519,1998,championship,Group A,group,false,,16 June    Scotland,Norway,,NOR,1,1,DRAW,,,,,false,,"Parc Lescure, Bordeaux",,7,,60,,,,UEFA,
520,1998,championship,Group A,group,false,,16 June    Brazil,Morocco,,MAR,3,0,A_WIN,,,,,false,,"Stade de la Beaujoire, Nantes",,13,,57,,,,CAF,
521,1998,championship,Group A,group,false,,23 June    Scotland,Morocco,,MAR,0,3,B_WIN,,,,,false,,"Stade Geoffroy-Guichard, Saint-Étienne",,13,,57,,,,CAF,
522,1998,championship,Group A,group,false,,23 June    Brazil,Norway,,NOR,1,2,B_WIN,,,,,false,,"Stade Vélodrome, Marseille",,7,,60,,,,UEFA,
523,1998,championship,Group B,group,false,,11 June   Cameroon,Austria,,AUT,1,1,DRAW,,,,,false,,"Stade de Toulouse, Toulouse",,31,,52,,,,UEFA,
524,1998,championship,Group B,group,false,,11 June   Italy,Chile,,CHI,2,2,DRAW,,,,,false,,"Parc Lescure, Bordeaux",,9,,59,,,,CONMEBOL,
525,1998,championship,Group B,group,false,,17 June   Chile,Austria,,AUT,1,1,DRAW,,,,,false,,"Stade Geoffroy-Guichard, Saint-Étienne",,31,,52,,,,UEFA,
526,1998,championship,Group B,group,false,,17 June   Italy,Cameroon,,CMR,3,0,A_WIN,,,,,false,,"Stade de la Mosson, Montpellier",,49,,45,,,,CAF,
527,1998,championship,Group B,group,false,,23 June   Italy,Austria,,AUT,2,1,A_WIN,,,,,false,,"Stade de France, Saint-Denis",,31,,52,,,,UEFA,
528,1998,championship,Group B,group,false,,23 June   Chile,Cameroon,,CMR,1,1,DRAW,,,,,false,,"Stade de la Beaujoire, Nantes",,49,,45,,,,CAF,
529,1998,championship,Group C,group,false,,12 June   Saudi Arabia,Denmark,,DEN,0,1,B_WIN,,,,,false,,"Stade Félix Bollaert, Lens",,27,,53,,,,UEFA,
530,1998,championship,Group C,group,false,,12 June   France,South Africa,,RSA,3,0,A_WIN,,,,,false,,"Stade Vélodrome, Marseille",,24,,55,,,,CAF,
531,1998,championship,Group C,group,false,,18 June   France,Saudi Arabia,,KSA,4,0,A_WIN,,,,,false,,"Stade de France, Saint-Denis",,34,,51,,,,AFC,
532,1998,championship,Group C,group,false,,18 June   South Africa,Denmark,,DEN,1,1,DRAW,,,,,false,,"Stade de Toulouse, Toulouse",,27,,53,,,,UEFA,
533,1998,championship,Group C,group,false,,24 June   France,Denmark,,DEN,2,1,A_WIN,,,,,false,,"Stade Gerland, Lyon",,27,,53,,,,UEFA,
534,1998,championship,Group C,group,false,,24 June   South Africa,Saudi Arabia,,KSA,2,2,DRAW,,,,,false,,"Parc Lescure, Bordeaux",,34,,51,,,,AFC,
535,1998,championship,Group D,group,false,,12 June   Paraguay,Bulgaria,,BUL,0,0,DRAW,,,,,false,,"Stade de la Mosson, Montpellier",,35,,50,,,,UEFA,
536,1998,championship,Group D,group,false,,13 June   Spain,Nigeria,,NGA,2,3,B_WIN,,,,,false,,"Stade de la Beaujoire, Nantes",,74,,37,,,,CAF,
537,1998,championship,Group D,group,false,,19 June   Nigeria,Bulgaria,,BUL,1,0,A_WIN,,,,,false,,"Parc des Princes, Paris",,35,,50,,,,UEFA,
538,1998,championship,Group D,group,false,,19 June   Spain,Paraguay,,PAR,0,0,DRAW,,,,,false,,"Stade Geoffroy-Guichard, Saint-Étienne",,29,,52,,,,CONMEBOL,
539,1998,championship,Group D,group,false,,24 June   Spain,Bulgaria,,BUL,6,1,A_WIN,,,,,false,,"Stade Félix Bollaert, Lens",,35,,50,,,,UEFA,
540,1998,championship,Group D,group,false,,24 June   Nigeria,Paraguay,,PAR,1,3,B_WIN,,,,,false,,"Stade de Toulouse, Toulouse",,29,,52,,,,CONMEBOL,
541,1998,championship,Group E,group,false,,13 June   Netherlands,Belgium,,BEL,0,0,DRAW,,,,,false,,"Stade de France, Saint-Denis",,36,,50,,,,UEFA,
542,1998,championship,Group E,group,false,,13 June   South Korea,Mexico,,MEX,1,3,B_WIN,,,,,false,,"Stade Gerland, Lyon",,4,,61,,,,CONCACAF,
543,1998,championship,Group E,group,false,,20 June   Netherlands,South Korea,,KOR,5,0,A_WIN,,,,,false,,"Stade Vélodrome, Marseille",,20,,55,,,,AFC,
544,1998,championship,Group E,group,false,,20 June   Belgium,Mexico,,MEX,2,2,DRAW,,,,,false,,"Parc Lescure, Bordeaux",,4,,61,,,,CONCACAF,
545,1998,championship,Group E,group,false,,25 June   Belgium,South Korea,,KOR,1,1,DRAW,,,,,false,,"Parc des Princes, Paris",,20,,55,,,,AFC,
546,1998,championship,Group E,group,false,,25 June   Netherlands,Mexico,,MEX,2,2,DRAW,,,,,false,,"Stade Geoffroy-Guichard, Saint-Étienne",,4,,61,,,,CONCACAF,
547,1998,championship,Group F,group,false,,14 June   Yugoslavia,Iran,,IRN,1,0,A_WIN,,,,,false,,"Stade Geoffroy-Guichard, Saint-Étienne",,42,,48,,,,AFC,
548,1998,championship,Group F,group,false,,15 June   Germany,USA,,USA,2,0,A_WIN,,,,,false,,"Parc des Princes, Paris",,11,,58,,,,CONCACAF,
549,1998,championship,Group F,group,false,,21 June   Germany,Yugoslavia,,YUG,2,2,DRAW,,,,,false,,"Stade Félix Bollaert, Lens",,8,,59,,,,UEFA,
550,1998,championship,Group F,group,false,,21 June   USA,Iran,,IRN,1,2,B_WIN,,,,,false,,"Stade Gerland, Lyon",,42,,48,,,,AFC,
551,1998,championship,Group F,group,false,,25 June   Germany,Iran,,IRN,2,0,A_WIN,,,,,false,,"Stade de la Mosson, Montpellier",,42,,48,,,,AFC,
552,1998,championship,Group F,group,false,,25 June   USA,Yugoslavia,,YUG,0,1,B_WIN,,,,,false,,"Stade de la Beaujoire, Nantes",,8,,59,,,,UEFA,
553,1998,championship,Group G,group,false,,15 June   Romania,Colombia,,COL,1,0,A_WIN,,,,,false,,"Stade Gerland, Lyon",,10,,58,,,,CONMEBOL,
554,1998,championship,Group G,group,false,,15 June   England,Tunisia,,TUN,2,0,A_WIN,,,,,false,,"Stade Vélodrome, Marseille",,21,,55,,,,CAF,
555,1998,championship,Group G,group,false,,22 June   Colombia,Tunisia,,TUN,1,0,A_WIN,,,,,false,,"Stade de la Mosson, Montpellier",,21,,55,,,,CAF,
556,1998,championship,Group G,group,false,,22 June   Romania,England,,ENG,2,1,A_WIN,,,,,false,,"Stade de Toulouse, Toulouse",,5,,60,,,,UEFA,
557,1998,championship,Group G,group,false,,26 June   Romania,Tunisia,,TUN,1,1,DRAW,,,,,false,,"Stade de France, Saint-Denis",,21,,55,,,,CAF,
558,1998,championship,Group G,group,false,,26 June   Colombia,England,,ENG,0,2,B_WIN,,,,,false,,"Stade Félix Bollaert, Lens",,5,,60,,,,UEFA,
559,1998,championship,Group H,group,false,,14 June   Jamaica,Croatia,,CRO,1,3,B_WIN,,,,,false,,"Stade Félix Bollaert, Lens",,19,,56,,,,UEFA,
560,1998,championship,Group H,group,false,,14 June   Argentina,Japan,,JPN,1,0,A_WIN,,,,,false,,"Stade de Toulouse, Toulouse",,12,,58,,,,AFC,
561,1998,championship,Group H,group,false,,20 June   Japan,Croatia,,CRO,0,1,B_WIN,,,,,false,,"Stade de la Beaujoire, Nantes",,19,,56,,,,UEFA,
562,1998,championship,Group H,group,false,,21 June   Argentina,Jamaica,,JAM,5,0,A_WIN,,,,,false,,"Parc des Princes, Paris",,30,,52,,,,CONCACAF,
563,1998,championship,Group H,group,false,,26 June   Japan,Jamaica,,JAM,1,2,B_WIN,,,,,false,,"Stade Gerland, Lyon",,30,,52,,,,CONCACAF,
564,1998,championship,Group H,group,false,,26 June   Argentina,Croatia,,CRO,1,0,A_WIN,,,,,false,,"Parc Lescure, Bordeaux",,19,,56,,,,UEFA,
565,1998,championship,Round of 16,round_of_16,true,,27 June   Brazil,Chile,,CHI,4,1,A_WIN,,,,,false,,"Parc des Princes, Paris",,9,,59,,,,CONMEBOL,
566,1998,championship,Round of 16,round_of_16,true,,27 June   Italy,Norway,,NOR,1,0,A_WIN,,,,,false,,"Stade Vélodrome, Marseille",,7,,60,,,,UEFA,
567,1998,championship,Round of 16,round_of_16,true,,28 June   Nigeria,Denmark,,DEN,1,4,B_WIN,,,,,false,,"Stade de France, Saint-Denis",,27,,53,,,,UEFA,
568,1998,championship,Round of 16,round_of_16,true,,28 June   France,Paraguay,,PAR,0,0,DRAW,1,0,,,true,a.e.t. (0-0),"Stade Félix Bollaert, Lens",,29,,52,,,,CONMEBOL,
569,1998,championship,Round of 16,round_of_16,true,,29 June   Germany,Mexico,,MEX,2,1,A_WIN,,,,,false,,"Stade de la Mosson, Montpellier",,4,,61,,,,CONCACAF,
570,1998,championship,Round of 16,round_of_16,true,,29 June   Netherlands,Yugoslavia,,YUG,2,1,A_WIN,,,,,false,,"Stade de Toulouse, Toulouse",,8,,59,,,,UEFA,
571,1998,championship,Round of 16,round_of_16,true,,30 June   Argentina,England,,ENG,2,2,DRAW,2,2,4,3,true,"a.e.t. (2-2) , 4-3 pen.","Stade Geoffroy-Guichard, Saint-Étienne",,5,,60,,,,UEFA,
572,1998,championship,Round of 16,round_of_16,true,,30 June   Romania,Croatia,,CRO,0,1,B_WIN,,,,,false,,"Parc Lescure, Bordeaux",,19,,56,,,,UEFA,
573,1998,championship,Quarter-finals,quarter_final,true,,3 July    Italy,France,,FRA,0,0,DRAW,0,0,3,4,true,"a.e.t. (0-0) , 3-4 pen.","Stade de France, Saint-Denis",,18,,56,,,,UEFA,
574,1998,championship,Quarter-finals,quarter_final,true,,3 July    Brazil,Denmark,,DEN,3,2,A_WIN,,,,,false,,"Stade de la Beaujoire, Nantes",,27,,53,,,,UEFA,
575,1998,championship,Quarter-finals,quarter_final,true,,4 July    Germany,Croatia,,CRO,0,3,B_WIN,,,,,false,,"Stade Gerland, Lyon",,19,,56,,,,UEFA,
576,1998,championship,Quarter-finals,quarter_final,true,,4 July    Netherlands,Argentina,,ARG,2,1,A_WIN,,,,,false,,"Stade Vélodrome, Marseille",,6,,60,,,,CONMEBOL,
577,1998,championship,Semi-finals,semi_final,true,,7 July  Brazil,Netherlands,,NED,1,1,DRAW,1,1,4,2,true,"a.e.t. (1-1) , 4-2 pen.","Stade Vélodrome, Marseille",,25,,54,,,,UEFA,
578,1998,championship,Semi-finals,semi_final,true,,8 July  France,Croatia,,CRO,2,1,A_WIN,,,,,false,,"Stade de France, Saint-Denis",,19,,56,,,,UEFA,
579,1998,championship,Third place match,third_place,true,,11 July Netherlands,Croatia,,CRO,1,2,B_WIN,,,,,false,,"Parc des Princes, Paris",,19,,56,,,,UEFA,
580,1998,championship,Final,final,true,,12 July   Brazil,France,,FRA,0,3,B_WIN,,,,,false,,"Stade de France, Saint-Denis",,18,,56,,,,UEFA,
581,2002,championship,Group A,group,false,,31 May   France,Senegal,,SEN,0,1,B_WIN,,,,,false,,"Seoul World Cup Stadium, Seoul",,42,,599,,,,CAF,
582,2002,championship,Group A,group,false,,1 June   Uruguay,Denmark,,DEN,1,2,B_WIN,,,,,false,,"Munsu Cup Stadium, Ulsan",,20,,657,,,,UEFA,
583,2002,championship,Group A,group,false,,6 June   France,Uruguay,,URU,0,0,DRAW,,,,,false,,"Asiad Main Stadium, Busan",,24,,652,,,,CONMEBOL,
584,2002,championship,Group A,group,false,,6 June   Denmark,Senegal,,SEN,1,1,DRAW,,,,,false,,"Daegu World Cup Stadium, Daegu",,42,,599,,,,CAF,
585,2002,championship,Group A,group,false,,11 June  Denmark,France,,FRA,2,0,A_WIN,,,,,false,,"Incheon Munhak Stadium, Incheon",,1,,802,,,,UEFA,
586,2002,championship,Group A,group,false,,11 June  Senegal,Uruguay,,URU,3,3,DRAW,,,,,false,,"Suwon World Cup Stadium, Suwon",,24,,652,,,,CONMEBOL,
587,2002,championship,Group B,group,false,,2 June   Paraguay,South Africa,,RSA,2,2,DRAW,,,,,false,,"Asiad Main Stadium, Busan",,37,,623,,,,CAF,
588,2002,championship,Group B,group,false,,2 June   Spain,Slovenia,,SVN,3,1,A_WIN,,,,,false,,"Gwangju World Cup Stadium, Gwangju",,25,,649,,,,UEFA,
589,2002,championship,Group B,group,false,,7 June   Spain,Paraguay,,PAR,3,1,A_WIN,,,,,false,,"Jeonju World Cup Stadium, Jeonju",,18,,671,,,,CONMEBOL,
590,2002,championship,Group B,group,false,,8 June   South Africa,Slovenia,,SVN,1,0,A_WIN,,,,,false,,"Daegu World Cup Stadium, Daegu",,25,,649,,,,UEFA,
591,2002,championship,Group B,group,false,,12 June  South Africa,Spain,,ESP,2,3,B_WIN,,,,,false,,"Daejeon World Cup Stadium, Daejeon",,8,,713,,,,UEFA,
592,2002,championship,Group B,group,false,,12 June  Slovenia,Paraguay,,PAR,1,3,B_WIN,,,,,false,,"Jeju World Cup Stadium, Jeju",,18,,671,,,,CONMEBOL,
593,2002,championship,Group C,group,false,,3 June   Brazil,Turkey,,,2,1,A_WIN,,,,,false,,"Munsu Cup Stadium, Ulsan",,,,,,,,,
594,2002,championship,Group C,group,false,,4 June   China,Costa Rica,,CRC,0,2,B_WIN,,,,,false,,"Gwangju World Cup Stadium, Gwangju",,29,,643,,,,CONCACAF,
595,2002,championship,Group C,group,false,,8 June   Brazil,China,,,4,0,A_WIN,,,,,false,,"Jeju World Cup Stadium, Jeju",,,,,,,,,
596,2002,championship,Group C,group,false,,9 June   Costa Rica,Turkey,,,1,1,DRAW,,,,,false,,"Incheon Munhak Stadium, Incheon",,,,,,,,,
597,2002,championship,Group C,group,false,,13 June  Costa Rica,Brazil,,BRA,2,5,B_WIN,,,,,false,,"Suwon World Cup Stadium, Suwon",,2,,784,,,,CONMEBOL,
598,2002,championship,Group C,group,false,,13 June  Turkey,China,,,3,0,A_WIN,,,,,false,,"Seoul World Cup Stadium, Seoul",,,,,,,,,
599,2002,championship,Group D,group,false,,4 June   South Korea,Poland,,POL,2,0,A_WIN,,,,,false,,"Asiad Main Stadium, Busan",,38,,615,,,,UEFA,
600,2002,championship,Group D,group,false,,5 June   USA,Portugal,,POR,3,2,A_WIN,,,,,false,,"Suwon World Cup Stadium, Suwon",,5,,726,,,,UEFA,
601,2002,championship,Group D,group,false,,10 June   South Korea,USA,,USA,1,1,DRAW,,,,,false,,"Daegu World Cup Stadium, Daegu",,13,,690,,,,CONCACAF,
602,2002,championship,Group D,group,false,,10 June   Portugal,Poland,,POL,4,0,A_WIN,,,,,false,,"Jeonju World Cup Stadium, Jeonju",,38,,615,,,,UEFA,
603,2002,championship,Group D,group,false,,14 June   Portugal,South Korea,,KOR,0,1,B_WIN,,,,,false,,"Incheon Munhak Stadium, Incheon",,40,,603,,,,AFC,
604,2002,championship,Group D,group,false,,14 June   Poland,USA,,USA,3,1,A_WIN,,,,,false,,"Daejeon World Cup Stadium, Daejeon",,13,,690,,,,CONCACAF,
605,2002,championship,Group E,group,false,,1 June   Ireland,Cameroon,,CMR,1,1,DRAW,,,,,false,,"Niigata Stadium, Niigata",,17,,672,,,,CAF,
606,2002,championship,Group E,group,false,,1 June   Germany,Saudi Arabia,,KSA,8,0,A_WIN,,,,,false,,"Sapporo Dome, Sapporo",,34,,627,,,,AFC,
607,2002,championship,Group E,group,false,,5 June   Germany,Ireland,,,1,1,DRAW,,,,,false,,"Kashima Soccer Stadium, Ibaraki",,,,,,,,,
608,2002,championship,Group E,group,false,,6 June   Cameroon,Saudi Arabia,,KSA,1,0,A_WIN,,,,,false,,"Saitama Stadium, Saitama",,34,,627,,,,AFC,
609,2002,championship,Group E,group,false,,11 June   Cameroon,Germany,,GER,0,2,B_WIN,,,,,false,,"Shizuoka Stadium, Shizuoka",,11,,695,,,,UEFA,
610,2002,championship,Group E,group,false,,11 June   Saudi Arabia,Ireland,,,0,3,B_WIN,,,,,false,,"International Stadium Yokohama, Yokohama",,,,,,,,,
611,2002,championship,Group F,group,false,,2 June   England,Sweden,,SWE,1,1,DRAW,,,,,false,,"Saitama Stadium, Saitama",,19,,665,,,,UEFA,
612,2002,championship,Group F,group,false,,2 June   Argentina,Nigeria,,NGA,1,0,A_WIN,,,,,false,,"Kashima Soccer Stadium, Ibaraki",,27,,644,,,,CAF,
613,2002,championship,Group F,group,false,,7 June   Sweden,Nigeria,,NGA,2,1,A_WIN,,,,,false,,"Kobe Wing Stadium, Kobe",,27,,644,,,,CAF,
614,2002,championship,Group F,group,false,,7 June   Argentina,England,,ENG,0,1,B_WIN,,,,,false,,"Sapporo Dome, Sapporo",,12,,694,,,,UEFA,
615,2002,championship,Group F,group,false,,12 June   Sweden,Argentina,,ARG,1,1,DRAW,,,,,false,,"Miyagi Stadium, Miyagi",,3,,784,,,,CONMEBOL,
616,2002,championship,Group F,group,false,,12 June   Nigeria,England,,ENG,0,0,DRAW,,,,,false,,"Nagai Stadium, Osaka",,12,,694,,,,UEFA,
617,2002,championship,Group G,group,false,,3 June    Croatia,Mexico,,MEX,0,1,B_WIN,,,,,false,,"Niigata Stadium, Niigata",,7,,716,,,,CONCACAF,
618,2002,championship,Group G,group,false,,3 June    Italy,Ecuador,,ECU,2,0,A_WIN,,,,,false,,"Sapporo Dome, Sapporo",,36,,624,,,,CONMEBOL,
619,2002,championship,Group G,group,false,,8 June    Italy,Croatia,,CRO,1,2,B_WIN,,,,,false,,"Kashima Soccer Stadium, Ibaraki",,21,,655,,,,UEFA,
620,2002,championship,Group G,group,false,,9 June    Mexico,Ecuador,,ECU,2,1,A_WIN,,,,,false,,"Miyagi Stadium, Miyagi",,36,,624,,,,CONMEBOL,
621,2002,championship,Group G,group,false,,13 June    Mexico,Italy,,ITA,1,1,DRAW,,,,,false,,"Ōita Stadium, Ōita",,6,,717,,,,UEFA,
622,2002,championship,Group G,group,false,,13 June    Ecuador,Croatia,,CRO,1,0,A_WIN,,,,,false,,"International Stadium Yokohama, Yokohama",,21,,655,,,,UEFA,
623,2002,championship,Group H,group,false,,4 June    Japan,Belgium,,BEL,2,2,DRAW,,,,,false,,"Saitama Stadium, Saitama",,23,,653,,,,UEFA,
624,2002,championship,Group H,group,false,,5 June    Russia,Tunisia,,TUN,2,0,A_WIN,,,,,false,,"Kobe Wing Stadium, Kobe",,31,,635,,,,CAF,
625,2002,championship,Group H,group,false,,9 June    Japan,Russia,,RUS,1,0,A_WIN,,,,,false,,"International Stadium Yokohama, Yokohama",,28,,644,,,,UEFA,
626,2002,championship,Group H,group,false,,10 June    Tunisia,Belgium,,BEL,1,1,DRAW,,,,,false,,"Ōita Stadium, Ōita",,23,,653,,,,UEFA,
627,2002,championship,Group H,group,false,,14 June    Tunisia,Japan,,JPN,0,2,B_WIN,,,,,false,,"Nagai Stadium, Osaka",,32,,634,,,,AFC,
628,2002,championship,Group H,group,false,,14 June    Belgium,Russia,,RUS,3,2,A_WIN,,,,,false,,"Shizuoka Stadium, Shizuoka",,28,,644,,,,UEFA,
629,2002,championship,Round of 16,round_of_16,true,,15 June   Germany,Paraguay,,PAR,1,0,A_WIN,,,,,false,,"Jeju World Cup Stadium, Jeju",,18,,671,,,,CONMEBOL,
630,2002,championship,Round of 16,round_of_16,true,,15 June   Denmark,England,,ENG,0,3,B_WIN,,,,,false,,"Niigata Stadium, Niigata",,12,,694,,,,UEFA,
631,2002,championship,Round of 16,round_of_16,true,,16 June   Sweden,Senegal,,SEN,1,1,DRAW,1,2,,,true,a.e.t. (1-1),"Ōita Stadium, Ōita",,42,,599,,,,CAF,
632,2002,championship,Round of 16,round_of_16,true,,16 June   Spain,Ireland,,,1,1,DRAW,1,1,3,2,true,"a.e.t. (1-1) , 3-2 pen.","Suwon World Cup Stadium, Suwon",,,,,,,,,
633,2002,championship,Round of 16,round_of_16,true,,17 June   Mexico,USA,,USA,0,2,B_WIN,,,,,false,,"Jeonju World Cup Stadium, Jeonju",,13,,690,,,,CONCACAF,
634,2002,championship,Round of 16,round_of_16,true,,17 June   Brazil,Belgium,,BEL,2,0,A_WIN,,,,,false,,"Kobe Wing Stadium, Kobe",,23,,653,,,,UEFA,
635,2002,championship,Round of 16,round_of_16,true,,18 June   Japan,Turkey,,,0,1,B_WIN,,,,,false,,"Miyagi Stadium, Miyagi",,,,,,,,,
636,2002,championship,Round of 16,round_of_16,true,,18 June   South Korea,Italy,,ITA,1,1,DRAW,2,1,,,true,a.e.t. (1-1),"Daejeon World Cup Stadium, Daejeon",,6,,717,,,,UEFA,
637,2002,championship,Quarter-finals,quarter_final,true,,21 June   England,Brazil,,BRA,1,2,B_WIN,,,,,false,,"Shizuoka Stadium, Shizuoka",,2,,784,,,,CONMEBOL,
638,2002,championship,Quarter-finals,quarter_final,true,,21 June   Germany,USA,,USA,1,0,A_WIN,,,,,false,,"Munsu Cup Stadium, Ulsan",,13,,690,,,,CONCACAF,
639,2002,championship,Quarter-finals,quarter_final,true,,22 June   Spain,South Korea,,KOR,0,0,DRAW,0,0,3,5,true,"a.e.t. (0-0) , 3-5 pen.","Gwangju World Cup Stadium, Gwangju",,40,,603,,,,AFC,
640,2002,championship,Quarter-finals,quarter_final,true,,22 June   Senegal,Turkey,,,0,0,DRAW,0,1,,,true,a.e.t. (0-0),"Nagai Stadium, Osaka",,,,,,,,,
641,2002,championship,Semi-finals,semi_final,true,,25 June   Germany,South Korea,,KOR,1,0,A_WIN,,,,,false,,"Seoul World Cup Stadium, Seoul",,40,,603,,,,AFC,
642,2002,championship,Semi-finals,semi_final,true,,26 June   Brazil,Turkey,,,1,0,A_WIN,,,,,false,,"Saitama Stadium, Saitama",,,,,,,,,
643,2002,championship,Third place play-off,third_place,true,,29 June   South Korea,Turkey,,,2,3,B_WIN,,,,,false,,"Daegu World Cup Stadium, Daegu",,,,,,,,,
644,2002,championship,Final,final,true,,30 June   Germany,Brazil,,BRA,0,2,B_WIN,,,,,false,,"International Stadium Yokohama, Yokohama",,2,,784,,,,CONMEBOL,
645,2006,championship,Group A,group,false,2006-06-09,Germany,Costa Rica,GER,CRC,4,2,A_WIN,,,,,false,(2-1),"Allianz Arena, München",19,26,696,683,7,13,UEFA,CONCACAF,false
646,2006,championship,Group A,group,false,2006-06-09,Poland,Ecuador,POL,ECU,0,2,B_WIN,,,,,false,(0-1),"Veltins-Arena, Gelsenkirchen",29,39,677,631,10,46,UEFA,CONMEBOL,false
647,2006,championship,Group A,group,false,2006-06-14,Germany,Poland,GER,POL,1,0,A_WIN,,,,,false,(0-0),"Signal Iduna Park, Dortmund",19,29,696,677,10,19,UEFA,UEFA,true
648,2006,championship,Group A,group,false,2006-06-15,Ecuador,Costa Rica,ECU,CRC,3,0,A_WIN,,,,,false,(1-0),"AOL Arena, Hamburg",39,26,631,683,-13,-52,CONMEBOL,CONCACAF,false
649,2006,championship,Group A,group,false,2006-06-20,Ecuador,Germany,ECU,GER,0,3,B_WIN,,,,,false,(0-2),"Olympiastadion, Berlin",39,19,631,696,-20,-65,CONMEBOL,UEFA,false
650,2006,championship,Group A,group,false,2006-06-20,Costa Rica,Poland,CRC,POL,1,2,B_WIN,,,,,false,(1-1),"AWD-Arena, Hannover",26,29,683,677,3,6,CONCACAF,UEFA,false
651,2006,championship,Group B,group,false,2006-06-10,England,Paraguay,ENG,PAR,1,0,A_WIN,,,,,false,(1-0),"Commerzbank-Arena, Frankfurt",10,33,741,653,23,88,UEFA,CONMEBOL,false
652,2006,championship,Group B,group,false,2006-06-10,Trinidad and Tobago,Sweden,TRI,SWE,0,0,DRAW,,,,,false,,"Signal Iduna Park, Dortmund",47,16,604,709,-31,-105,CONCACAF,UEFA,false
653,2006,championship,Group B,group,false,2006-06-15,England,Trinidad and Tobago,ENG,TRI,2,0,A_WIN,,,,,false,(0-0),"Frankenstadion, Nürnberg",10,47,741,604,37,137,UEFA,CONCACAF,false
654,2006,championship,Group B,group,false,2006-06-15,Sweden,Paraguay,SWE,PAR,1,0,A_WIN,,,,,false,(0-0),"Olympiastadion, Berlin",16,33,709,653,17,56,UEFA,CONMEBOL,false
655,2006,championship,Group B,group,false,2006-06-20,Sweden,England,SWE,ENG,2,2,DRAW,,,,,false,(0-1),"RheinEnergieStadion, Köln",16,10,709,741,-6,-32,UEFA,UEFA,true
656,2006,championship,Group B,group,false,2006-06-20,Paraguay,Trinidad and Tobago,PAR,TRI,2,0,A_WIN,,,,,false,(1-0),"Fritz-Walter-Stadion, Kaiserslautern",33,47,653,604,14,49,CONMEBOL,CONCACAF,false
657,2006,championship,Group C,group,false,2006-06-10,Argentina,Côte d'Ivoire,ARG,CIV,2,1,A_WIN,,,,,false,(2-0),"AOL Arena, Hamburg",9,32,746,669,23,77,CONMEBOL,CAF,false
658,2006,championship,Group C,group,false,2006-06-11,Serbia and Montenegro,Netherlands,SCG,NED,0,1,B_WIN,,,,,false,(0-1),"Zentralstadion, Leipzig",44,3,610,768,-41,-158,UEFA,UEFA,true
659,2006,championship,Group C,group,false,2006-06-16,Argentina,Serbia and Montenegro,ARG,SCG,6,0,A_WIN,,,,,false,(3-0),"Veltins-Arena, Gelsenkirchen",9,44,746,610,35,136,CONMEBOL,UEFA,false
660,2006,championship,Group C,group,false,2006-06-16,Netherlands,Côte d'Ivoire,NED,CIV,2,1,A_WIN,,,,,false,(2-1),"Gottlieb-Daimler-Stadion, Stuttgart",3,32,768,669,29,99,UEFA,CAF,false
661,2006,championship,Group C,group,false,2006-06-21,Netherlands,Argentina,NED,ARG,0,0,DRAW,,,,,false,,"Commerzbank-Arena, Frankfurt",3,9,768,746,6,22,UEFA,CONMEBOL,false
662,2006,championship,Group C,group,false,2006-06-21,Côte d'Ivoire,Serbia and Montenegro,CIV,SCG,3,2,A_WIN,,,,,false,(1-2),"Allianz Arena, München",32,44,669,610,12,59,CAF,UEFA,false
663,2006,championship,Group D,group,false,2006-06-11,Mexico,Iran,MEX,IRN,3,1,A_WIN,,,,,false,(1-1),"Frankenstadion, Nürnberg",4,23,758,686,19,72,CONCACAF,AFC,false
664,2006,championship,Group D,group,false,2006-06-11,Angola,Portugal,ANG,POR,0,1,B_WIN,,,,,false,(0-1),"RheinEnergieStadion, Köln",57,7,581,750,-50,-169,CAF,UEFA,false
665,2006,championship,Group D,group,false,2006-06-16,Mexico,Angola,MEX,ANG,0,0,DRAW,,,,,false,,"AWD-Arena, Hannover",4,57,758,581,53,177,CONCACAF,CAF,false
666,2006,championship,Group D,group,false,2006-06-17,Portugal,Iran,POR,IRN,2,0,A_WIN,,,,,false,(0-0),"Commerzbank-Arena, Frankfurt",7,23,750,686,16,64,UEFA,AFC,false
667,2006,championship,Group D,group,false,2006-06-21,Portugal,Mexico,POR,MEX,2,1,A_WIN,,,,,false,(2-1),"Veltins-Arena, Gelsenkirchen",7,4,750,758,-3,-8,UEFA,CONCACAF,false
668,2006,championship,Group D,group,false,2006-06-21,Iran,Angola,IRN,ANG,1,1,DRAW,,,,,false,(0-0),"Zentralstadion, Leipzig",23,57,686,581,34,105,AFC,CAF,false
669,2006,championship,Group E,group,false,2006-06-12,Italy,Ghana,ITA,GHA,2,0,A_WIN,,,,,false,(1-0),"AWD-Arena, Hannover",13,48,728,600,35,128,UEFA,CAF,false
670,2006,championship,Group E,group,false,2006-06-12,USA,Czech Republic,USA,,0,3,B_WIN,,,,,false,(0-2),"Veltins-Arena, Gelsenkirchen",5,,756,,,,CONCACAF,,
671,2006,championship,Group E,group,false,2006-06-17,Italy,USA,ITA,USA,1,1,DRAW,,,,,false,(1-1),"Fritz-Walter-Stadion, Kaiserslautern",13,5,728,756,-8,-28,UEFA,CONCACAF,false
672,2006,championship,Group E,group,false,2006-06-17,Czech Republic,Ghana,,GHA,0,2,B_WIN,,,,,false,(0-1),"RheinEnergieStadion, Köln",,48,,600,,,,CAF,
673,2006,championship,Group E,group,false,2006-06-22,Czech Republic,Italy,,ITA,0,2,B_WIN,,,,,false,(0-1),"AOL Arena, Hamburg",,13,,728,,,,UEFA,
674,2006,championship,Group E,group,false,2006-06-22,Ghana,USA,GHA,USA,2,1,A_WIN,,,,,false,(2-1),"Frankenstadion, Nürnberg",48,5,600,756,-43,-156,CAF,CONCACAF,false
675,2006,championship,Group F,group,false,2006-06-13,Brazil,Croatia,BRA,CRO,1,0,A_WIN,,,,,false,(1-0),"Olympiastadion, Berlin",1,23,827,686,22,141,CONMEBOL,UEFA,false
676,2006,championship,Group F,group,false,2006-06-12,Australia,Japan,AUS,JPN,3,1,A_WIN,,,,,false,(0-1),"Fritz-Walter-Stadion, Kaiserslautern",42,18,612,705,-24,-93,AFC,AFC,true
677,2006,championship,Group F,group,false,2006-06-18,Brazil,Australia,BRA,AUS,2,0,A_WIN,,,,,false,(0-0),"Allianz Arena, München",1,42,827,612,41,215,CONMEBOL,AFC,false
678,2006,championship,Group F,group,false,2006-06-18,Japan,Croatia,JPN,CRO,0,0,DRAW,,,,,false,,"Frankenstadion, Nürnberg",18,23,705,686,5,19,AFC,UEFA,false
679,2006,championship,Group F,group,false,2006-06-22,Japan,Brazil,JPN,BRA,1,4,B_WIN,,,,,false,(1-1),"Signal Iduna Park, Dortmund",18,1,705,827,-17,-122,AFC,CONMEBOL,false
680,2006,championship,Group F,group,false,2006-06-22,Croatia,Australia,CRO,AUS,2,2,DRAW,,,,,false,(1-1),"Gottlieb-Daimler-Stadion, Stuttgart",23,42,686,612,19,74,UEFA,AFC,false
681,2006,championship,Group G,group,false,2006-06-13,France,Switzerland,FRA,SUI,0,0,DRAW,,,,,false,,"Gottlieb-Daimler-Stadion, Stuttgart",8,35,749,648,27,101,UEFA,UEFA,true
682,2006,championship,Group G,group,false,2006-06-13,South Korea,Togo,KOR,TOG,2,1,A_WIN,,,,,false,(0-1),"Commerzbank-Arena, Frankfurt",29,61,677,569,32,108,AFC,CAF,false
683,2006,championship,Group G,group,false,2006-06-18,France,South Korea,FRA,KOR,1,1,DRAW,,,,,false,(1-0),"Zentralstadion, Leipzig",8,29,749,677,21,72,UEFA,AFC,false
684,2006,championship,Group G,group,false,2006-06-19,Togo,Switzerland,TOG,SUI,0,2,B_WIN,,,,,false,(0-1),"Signal Iduna Park, Dortmund",61,35,569,648,-26,-79,CAF,UEFA,false
685,2006,championship,Group G,group,false,2006-06-23,Togo,France,TOG,FRA,0,2,B_WIN,,,,,false,(0-0),"RheinEnergieStadion, Köln",61,8,569,749,-53,-180,CAF,UEFA,false
686,2006,championship,Group G,group,false,2006-06-23,Switzerland,South Korea,SUI,KOR,2,0,A_WIN,,,,,false,(1-0),"AWD-Arena, Hannover",35,29,648,677,-6,-29,UEFA,AFC,false
687,2006,championship,Group H,group,false,2006-06-14,Spain,Ukraine,ESP,UKR,4,0,A_WIN,,,,,false,(2-0),"Zentralstadion, Leipzig",5,45,756,609,40,147,UEFA,UEFA,true
688,2006,championship,Group H,group,false,2006-06-14,Tunisia,Saudi Arabia,TUN,KSA,2,2,DRAW,,,,,false,(1-0),"Allianz Arena, München",21,34,693,651,13,42,CAF,AFC,false
689,2006,championship,Group H,group,false,2006-06-19,Spain,Tunisia,ESP,TUN,3,1,A_WIN,,,,,false,(0-1),"Gottlieb-Daimler-Stadion, Stuttgart",5,21,756,693,16,63,UEFA,CAF,false
690,2006,championship,Group H,group,false,2006-06-19,Saudi Arabia,Ukraine,KSA,UKR,0,4,B_WIN,,,,,false,(0-2),"AOL Arena, Hamburg",34,45,651,609,11,42,AFC,UEFA,false
691,2006,championship,Group H,group,false,2006-06-23,Saudi Arabia,Spain,KSA,ESP,0,1,B_WIN,,,,,false,(0-1),"Fritz-Walter-Stadion, Kaiserslautern",34,5,651,756,-29,-105,AFC,UEFA,false
692,2006,championship,Group H,group,false,2006-06-23,Ukraine,Tunisia,UKR,TUN,1,0,A_WIN,,,,,false,(0-0),"Olympiastadion, Berlin",45,21,609,693,-24,-84,UEFA,CAF,false
693,2006,championship,Round of 16,round_of_16,true,2006-06-24,Germany,Sweden,GER,SWE,2,0,A_WIN,,,,,false,(2-0),"Allianz Arena, München",19,16,696,709,-3,-13,UEFA,UEFA,true
694,2006,championship,Round of 16,round_of_16,true,2006-06-24,Argentina,Mexico,ARG,MEX,1,1,DRAW,2,1,,,true,"a.e.t. (1-1, 1-1)","Zentralstadion, Leipzig",9,4,746,758,-5,-12,CONMEBOL,CONCACAF,false
695,2006,championship,Round of 16,round_of_16,true,2006-06-25,England,Ecuador,ENG,ECU,1,0,A_WIN,,,,,false,(0-0),"Gottlieb-Daimler-Stadion, Stuttgart",10,39,741,631,29,110,UEFA,CONMEBOL,false
696,2006,championship,Round of 16,round_of_16,true,2006-06-25,Portugal,Netherlands,POR,NED,1,0,A_WIN,,,,,false,(1-0),"Frankenstadion, Nürnberg",7,3,750,768,-4,-18,UEFA,UEFA,true
697,2006,championship,Round of 16,round_of_16,true,2006-06-26,Italy,Australia,ITA,AUS,1,0,A_WIN,,,,,false,(0-0),"Fritz-Walter-Stadion, Kaiserslautern",13,42,728,612,29,116,UEFA,AFC,false
698,2006,championship,Round of 16,round_of_16,true,2006-06-26,Switzerland,pen. 0-0 a.e.t. (0-0)   Ukraine,SUI,,0,3,B_WIN,,,,,false,,"RheinEnergieStadion, Köln",35,,648,,,,UEFA,,
699,2006,championship,Round of 16,round_of_16,true,2006-06-27,Brazil,Ghana,BRA,GHA,3,0,A_WIN,,,,,false,(2-0),"Signal Iduna Park, Dortmund",1,48,827,600,47,227,CONMEBOL,CAF,false
700,2006,championship,Round of 16,round_of_16,true,2006-06-27,Spain,France,ESP,FRA,1,3,B_WIN,,,,,false,(1-1),"AWD-Arena, Hannover",5,8,756,749,3,7,UEFA,UEFA,true
701,2006,championship,Quarterfinals,quarter_final,true,2006-06-30,Germany,Argentina,GER,ARG,1,1,DRAW,1,1,4,2,true,"a.e.t. (1-1, 0-0) , 4-2 pen.","Olympiastadion, Berlin",19,9,696,746,-10,-50,UEFA,CONMEBOL,false
702,2006,championship,Quarterfinals,quarter_final,true,2006-06-30,Italy,Ukraine,ITA,UKR,3,0,A_WIN,,,,,false,(1-0),"AOL Arena, Hamburg",13,45,728,609,32,119,UEFA,UEFA,true
703,2006,championship,Quarterfinals,quarter_final,true,2006-07-01,England,Portugal,ENG,POR,0,0,DRAW,0,0,1,3,true,"a.e.t. (0-0) , 1-3 pen.","Veltins-Arena, Gelsenkirchen",10,7,741,750,-3,-9,UEFA,UEFA,true
704,2006,championship,Quarterfinals,quarter_final,true,2006-07-01,Brazil,France,BRA,FRA,0,1,B_WIN,,,,,false,(0-0),"Commerzbank-Arena, Frankfurt",1,8,827,749,7,78,CONMEBOL,UEFA,false
705,2006,championship,Semifinals,semi_final,true,2006-07-04,Germany,Italy,GER,ITA,0,0,DRAW,0,2,,,true,a.e.t. (0-0),"Signal Iduna Park, Dortmund",19,13,696,728,-6,-32,UEFA,UEFA,true
706,2006,championship,Semifinals,semi_final,true,2006-07-05,Portugal,France,POR,FRA,0,1,B_WIN,,,,,false,(0-1),"Allianz Arena, München",7,8,750,749,1,1,UEFA,UEFA,true
707,2006,championship,Third-place play-off,third_place,true,2006-07-08,Germany,Portugal,GER,POR,3,1,A_WIN,,,,,false,(0-0),"Gottlieb-Daimler-Stadion, Stuttgart",19,7,696,750,-12,-54,UEFA,UEFA,true
708,2006,championship,Final,final,true,2006-07-09,Italy,France,ITA,FRA,1,1,DRAW,1,1,5,3,true,"a.e.t. (1-1, 1-1) , 5-3 pen.","Olympiastadion, Berlin",13,8,728,749,-5,-21,UEFA,UEFA,true
709,2010,championship,Group A,group,false,2010-06-11,South Africa,Mexico,RSA,MEX,1,1,DRAW,,,,,false,,"Soccer City, Johannesburg",83,17,392,895,-66,-503,CAF,CONCACAF,false
710,2010,championship,Group A,group,false,2010-06-11,Uruguay,France,URU,FRA,0,0,DRAW,,,,,false,,"Cape Town Stadium, Cape Town",16,9,899,1044,-7,-145,CONMEBOL,UEFA,false
711,2010,championship,Group A,group,false,2010-06-16,South Africa,Uruguay,RSA,URU,0,3,B_WIN,,,,,false,,"Loftus Versfeld Stadium, Pretoria",83,16,392,899,-67,-507,CAF,CONMEBOL,false
712,2010,championship,Group A,group,false,2010-06-17,France,Mexico,FRA,MEX,0,2,B_WIN,,,,,false,,"Peter Mokaba Stadium, Polokwane",9,17,1044,895,8,149,UEFA,CONCACAF,false
713,2010,championship,Group A,group,false,2010-06-22,Mexico,Uruguay,MEX,URU,0,1,B_WIN,,,,,false,,"Royal Bafokeng Stadium, Rustenburg",17,16,895,899,-1,-4,CONCACAF,CONMEBOL,false
714,2010,championship,Group A,group,false,2010-06-22,France,South Africa,FRA,RSA,1,2,B_WIN,,,,,false,,"Free State Stadium, Bloemfontein",9,83,1044,392,74,652,UEFA,CAF,false
715,2010,championship,Group B,group,false,2010-06-12,South Korea,Greece,KOR,GRE,2,0,A_WIN,,,,,false,,"Nelson Mandela Bay Stadium, Port Elizabeth",47,13,632,964,-34,-332,AFC,UEFA,false
716,2010,championship,Group B,group,false,2010-06-12,Argentina,Nigeria,ARG,NGA,1,0,A_WIN,,,,,false,,"Ellis Park Stadium, Johannesburg",7,21,1076,883,14,193,CONMEBOL,CAF,false
717,2010,championship,Group B,group,false,2010-06-17,Argentina,South Korea,ARG,KOR,4,1,A_WIN,,,,,false,,"Soccer City, Johannesburg",7,47,1076,632,40,444,CONMEBOL,AFC,false
718,2010,championship,Group B,group,false,2010-06-17,Greece,Nigeria,GRE,NGA,2,1,A_WIN,,,,,false,,"Free State Stadium, Bloemfontein",13,21,964,883,8,81,UEFA,CAF,false
719,2010,championship,Group B,group,false,2010-06-22,Nigeria,South Korea,NGA,KOR,2,2,DRAW,,,,,false,,"Moses Mabhida Stadium, Durban",21,47,883,632,26,251,CAF,AFC,false
720,2010,championship,Group B,group,false,2010-06-22,Greece,Argentina,GRE,ARG,0,2,B_WIN,,,,,false,,"Peter Mokaba Stadium, Polokwane",13,7,964,1076,-6,-112,UEFA,CONMEBOL,false
721,2010,championship,Group C,group,false,2010-06-12,England,USA,ENG,USA,1,1,DRAW,,,,,false,,"Royal Bafokeng Stadium, Rustenburg",8,14,1068,957,6,111,UEFA,CONCACAF,false
722,2010,championship,Group C,group,false,2010-06-13,Algeria,Slovenia,ALG,SVN,0,1,B_WIN,,,,,false,,"Peter Mokaba Stadium, Polokwane",30,25,821,860,-5,-39,CAF,UEFA,false
723,2010,championship,Group C,group,false,2010-06-18,Slovenia,USA,SVN,USA,2,2,DRAW,,,,,false,,"Ellis Park Stadium, Johannesburg",25,14,860,957,-11,-97,UEFA,CONCACAF,false
724,2010,championship,Group C,group,false,2010-06-18,England,Algeria,ENG,ALG,0,0,DRAW,,,,,false,,"Cape Town Stadium, Cape Town",8,30,1068,821,22,247,UEFA,CAF,false
725,2010,championship,Group C,group,false,2010-06-23,USA,Algeria,USA,ALG,1,0,A_WIN,,,,,false,,"Loftus Versfeld Stadium, Pretoria",14,30,957,821,16,136,CONCACAF,CAF,false
726,2010,championship,Group C,group,false,2010-06-23,Slovenia,England,SVN,ENG,0,1,B_WIN,,,,,false,,"Nelson Mandela Bay Stadium, Port Elizabeth",25,8,860,1068,-17,-208,UEFA,UEFA,true
727,2010,championship,Group D,group,false,2010-06-13,Serbia,Ghana,SRB,GHA,0,1,B_WIN,,,,,false,,"Loftus Versfeld Stadium, Pretoria",15,32,947,800,17,147,UEFA,CAF,false
728,2010,championship,Group D,group,false,2010-06-13,Germany,Australia,GER,AUS,4,0,A_WIN,,,,,false,,"Moses Mabhida Stadium, Durban",6,20,1082,886,14,196,UEFA,AFC,false
729,2010,championship,Group D,group,false,2010-06-18,Germany,Serbia,GER,SRB,0,1,B_WIN,,,,,false,,"Nelson Mandela Bay Stadium, Port Elizabeth",6,15,1082,947,9,135,UEFA,UEFA,true
730,2010,championship,Group D,group,false,2010-06-19,Ghana,Australia,GHA,AUS,1,1,DRAW,,,,,false,,"Royal Bafokeng Stadium, Rustenburg",32,20,800,886,-12,-86,CAF,AFC,false
731,2010,championship,Group D,group,false,2010-06-23,Australia,Serbia,AUS,SRB,2,1,A_WIN,,,,,false,,"Mbombela Stadium, Nelspruit",20,15,886,947,-5,-61,AFC,UEFA,false
732,2010,championship,Group D,group,false,2010-06-23,Ghana,Germany,GHA,GER,0,1,B_WIN,,,,,false,,"Soccer City, Johannesburg",32,6,800,1082,-26,-282,CAF,UEFA,false
733,2010,championship,Group E,group,false,2010-06-14,Netherlands,Denmark,NED,DEN,2,0,A_WIN,,,,,false,,"Soccer City, Johannesburg",4,36,1231,767,32,464,UEFA,UEFA,true
734,2010,championship,Group E,group,false,2010-06-14,Japan,Cameroon,JPN,CMR,1,0,A_WIN,,,,,false,,"Free State Stadium, Bloemfontein",45,19,682,887,-26,-205,AFC,CAF,false
735,2010,championship,Group E,group,false,2010-06-19,Netherlands,Japan,NED,JPN,1,0,A_WIN,,,,,false,,"Moses Mabhida Stadium, Durban",4,45,1231,682,41,549,UEFA,AFC,false
736,2010,championship,Group E,group,false,2010-06-19,Cameroon,Denmark,CMR,DEN,1,2,B_WIN,,,,,false,,"Loftus Versfeld Stadium, Pretoria",19,36,887,767,17,120,CAF,UEFA,false
737,2010,championship,Group E,group,false,2010-06-24,Denmark,Japan,DEN,JPN,1,3,B_WIN,,,,,false,,"Royal Bafokeng Stadium, Rustenburg",36,45,767,682,9,85,UEFA,AFC,false
738,2010,championship,Group E,group,false,2010-06-24,Cameroon,Netherlands,CMR,NED,1,2,B_WIN,,,,,false,,"Cape Town Stadium, Cape Town",19,4,887,1231,-15,-344,CAF,UEFA,false
739,2010,championship,Group F,group,false,2010-06-14,Italy,Paraguay,ITA,PAR,1,1,DRAW,,,,,false,,"Cape Town Stadium, Cape Town",5,31,1184,820,26,364,UEFA,CONMEBOL,false
740,2010,championship,Group F,group,false,2010-06-15,New Zealand,Slovakia,NZL,SVK,1,1,DRAW,,,,,false,,"Royal Bafokeng Stadium, Rustenburg",78,34,410,777,-44,-367,OFC,UEFA,false
741,2010,championship,Group F,group,false,2010-06-20,Slovakia,Paraguay,SVK,PAR,0,2,B_WIN,,,,,false,,"Free State Stadium, Bloemfontein",34,31,777,820,-3,-43,UEFA,CONMEBOL,false
742,2010,championship,Group F,group,false,2010-06-20,Italy,New Zealand,ITA,NZL,1,1,DRAW,,,,,false,,"Mbombela Stadium, Nelspruit",5,78,1184,410,73,774,UEFA,OFC,false
743,2010,championship,Group F,group,false,2010-06-24,Slovakia,Italy,SVK,ITA,3,2,A_WIN,,,,,false,,"Ellis Park Stadium, Johannesburg",34,5,777,1184,-29,-407,UEFA,UEFA,true
744,2010,championship,Group F,group,false,2010-06-24,Paraguay,New Zealand,PAR,NZL,0,0,DRAW,,,,,false,,"Peter Mokaba Stadium, Polokwane",31,78,820,410,47,410,CONMEBOL,OFC,false
745,2010,championship,Group G,group,false,2010-06-15,Côte d'Ivoire,Portugal,CIV,POR,0,0,DRAW,,,,,false,,"Nelson Mandela Bay Stadium, Port Elizabeth",27,3,856,1249,-24,-393,CAF,UEFA,false
746,2010,championship,Group G,group,false,2010-06-15,Brazil,North Korea,BRA,,2,1,A_WIN,,,,,false,,"Ellis Park Stadium, Johannesburg",1,,1611,,,,CONMEBOL,,
747,2010,championship,Group G,group,false,2010-06-20,Brazil,Côte d'Ivoire,BRA,CIV,3,1,A_WIN,,,,,false,,"Soccer City, Johannesburg",1,27,1611,856,26,755,CONMEBOL,CAF,false
748,2010,championship,Group G,group,false,2010-06-21,Portugal,North Korea,POR,,7,0,A_WIN,,,,,false,,"Cape Town Stadium, Cape Town",3,,1249,,,,UEFA,,
749,2010,championship,Group G,group,false,2010-06-25,Portugal,Brazil,POR,BRA,0,0,DRAW,,,,,false,,"Moses Mabhida Stadium, Durban",3,1,1249,1611,-2,-362,UEFA,CONMEBOL,false
750,2010,championship,Group G,group,false,2010-06-25,North Korea,Côte d'Ivoire,,CIV,0,3,B_WIN,,,,,false,,"Mbombela Stadium, Nelspruit",,27,,856,,,,CAF,
751,2010,championship,Group H,group,false,2010-06-16,Honduras,Chile,HON,CHI,0,1,B_WIN,,,,,false,,"Mbombela Stadium, Nelspruit",38,18,734,888,-20,-154,CONCACAF,CONMEBOL,false
752,2010,championship,Group H,group,false,2010-06-16,Spain,Switzerland,ESP,SUI,0,1,B_WIN,,,,,false,,"Moses Mabhida Stadium, Durban",2,24,1565,866,22,699,UEFA,UEFA,true
753,2010,championship,Group H,group,false,2010-06-21,Chile,Switzerland,CHI,SUI,1,0,A_WIN,,,,,false,,"Nelson Mandela Bay Stadium, Port Elizabeth",18,24,888,866,6,22,CONMEBOL,UEFA,false
754,2010,championship,Group H,group,false,2010-06-21,Spain,Honduras,ESP,HON,2,0,A_WIN,,,,,false,,"Ellis Park Stadium, Johannesburg",2,38,1565,734,36,831,UEFA,CONCACAF,false
755,2010,championship,Group H,group,false,2010-06-25,Chile,Spain,CHI,ESP,1,2,B_WIN,,,,,false,,"Loftus Versfeld Stadium, Pretoria",18,2,888,1565,-16,-677,CONMEBOL,UEFA,false
756,2010,championship,Group H,group,false,2010-06-25,Switzerland,Honduras,SUI,HON,0,0,DRAW,,,,,false,,"Free State Stadium, Bloemfontein",24,38,866,734,14,132,UEFA,CONCACAF,false
757,2010,championship,Round of 16,round_of_16,true,2010-06-26,Uruguay,South Korea,URU,KOR,2,1,A_WIN,,,,,false,,"Nelson Mandela Bay Stadium, Port Elizabeth",16,47,899,632,31,267,CONMEBOL,AFC,false
758,2010,championship,Round of 16,round_of_16,true,2010-06-26,USA,Ghana,USA,GHA,1,1,DRAW,1,2,,,true,a.e.t. (1-1),"Royal Bafokeng Stadium, Rustenburg",14,32,957,800,18,157,CONCACAF,CAF,false
759,2010,championship,Round of 16,round_of_16,true,2010-06-27,Germany,England,GER,ENG,4,1,A_WIN,,,,,false,,"Free State Stadium, Bloemfontein",6,8,1082,1068,2,14,UEFA,UEFA,true
760,2010,championship,Round of 16,round_of_16,true,2010-06-27,Argentina,Mexico,ARG,MEX,3,1,A_WIN,,,,,false,,"Soccer City, Johannesburg",7,17,1076,895,10,181,CONMEBOL,CONCACAF,false
761,2010,championship,Round of 16,round_of_16,true,2010-06-28,Netherlands,Slovakia,NED,SVK,2,1,A_WIN,,,,,false,,"Moses Mabhida Stadium, Durban",4,34,1231,777,30,454,UEFA,UEFA,true
762,2010,championship,Round of 16,round_of_16,true,2010-06-28,Brazil,Chile,BRA,CHI,3,0,A_WIN,,,,,false,,"Ellis Park Stadium, Johannesburg",1,18,1611,888,17,723,CONMEBOL,CONMEBOL,true
763,2010,championship,Round of 16,round_of_16,true,2010-06-29,Paraguay,Japan,PAR,JPN,0,0,DRAW,0,0,5,3,true,"a.e.t. (0-0) , 5-3 pen.","Loftus Versfeld Stadium, Pretoria",31,45,820,682,14,138,CONMEBOL,AFC,false
764,2010,championship,Round of 16,round_of_16,true,2010-06-29,Spain,Portugal,ESP,POR,1,0,A_WIN,,,,,false,,"Cape Town Stadium, Cape Town",2,3,1565,1249,1,316,UEFA,UEFA,true
765,2010,championship,Quarterfinals,quarter_final,true,2010-07-02,Netherlands,Brazil,NED,BRA,2,1,A_WIN,,,,,false,,"Nelson Mandela Bay Stadium, Port Elizabeth",4,1,1231,1611,-3,-380,UEFA,CONMEBOL,false
766,2010,championship,Quarterfinals,quarter_final,true,2010-07-02,Uruguay,Ghana,URU,GHA,1,1,DRAW,1,1,4,2,true,"a.e.t. (1-1) , 4-2 pen.","Soccer City, Johannesburg",16,32,899,800,16,99,CONMEBOL,CAF,false
767,2010,championship,Quarterfinals,quarter_final,true,2010-07-03,Argentina,Germany,ARG,GER,0,4,B_WIN,,,,,false,,"Cape Town Stadium, Cape Town",7,6,1076,1082,-1,-6,CONMEBOL,UEFA,false
768,2010,championship,Quarterfinals,quarter_final,true,2010-07-03,Paraguay,Spain,PAR,ESP,0,1,B_WIN,,,,,false,,"Ellis Park Stadium, Johannesburg",31,2,820,1565,-29,-745,CONMEBOL,UEFA,false
769,2010,championship,Semifinals,semi_final,true,2010-07-06,Uruguay,Netherlands,URU,NED,2,3,B_WIN,,,,,false,,"Cape Town Stadium, Cape Town",16,4,899,1231,-12,-332,CONMEBOL,UEFA,false
770,2010,championship,Semifinals,semi_final,true,2010-07-07,Germany,Spain,GER,ESP,0,1,B_WIN,,,,,false,,"Moses Mabhida Stadium, Durban",6,2,1082,1565,-4,-483,UEFA,UEFA,true
771,2010,championship,Third-place play-off,third_place,true,2010-07-10,Uruguay,Germany,URU,GER,2,3,B_WIN,,,,,false,,"Nelson Mandela Bay Stadium, Port Elizabeth",16,6,899,1082,-10,-183,CONMEBOL,UEFA,false
772,2010,championship,Final,final,true,2010-07-11,Netherlands,Spain,NED,ESP,0,0,DRAW,0,1,,,true,a.e.t. (0-0),"Soccer City, Johannesburg",4,2,1231,1565,-2,-334,UEFA,UEFA,true
773,2014,championship,Group A,group,false,2014-06-12,Brazil,Croatia,BRA,CRO,3,1,A_WIN,,,,,false,(1-1),"Arena de São Paulo, São Paulo",4,20,1210,871,16,339,CONMEBOL,UEFA,false
774,2014,championship,Group A,group,false,2014-06-13,Mexico,Cameroon,MEX,CMR,1,0,A_WIN,,,,,false,(0-0),"Estádio das Dunas, Natal",19,50,877,583,31,294,CONCACAF,CAF,false
775,2014,championship,Group A,group,false,2014-06-17,Brazil,Mexico,BRA,MEX,0,0,DRAW,,,,,false,,"Estádio Castelão, Fortaleza",4,19,1210,877,15,333,CONMEBOL,CONCACAF,false
776,2014,championship,Group A,group,false,2014-06-18,Cameroon,Croatia,CMR,CRO,0,4,B_WIN,,,,,false,,"Arena Amazônia, Manaus",50,20,583,871,-30,-288,CAF,UEFA,false
777,2014,championship,Group A,group,false,2014-06-23,Cameroon,Brazil,CMR,BRA,1,4,B_WIN,,,,,false,,"Estádio Nacional Mané Garrincha, Brasília",50,4,583,1210,-46,-627,CAF,CONMEBOL,false
778,2014,championship,Group A,group,false,2014-06-23,Croatia,Mexico,CRO,MEX,1,3,B_WIN,,,,,false,,"Arena Pernambuco, Recife",20,19,871,877,-1,-6,UEFA,CONCACAF,false
779,2014,championship,Group B,group,false,2014-06-13,Spain,Netherlands,ESP,NED,1,5,B_WIN,,,,,false,(1-1),"Arena Fonte Nova, Salvador",1,15,1460,967,14,493,UEFA,UEFA,true
780,2014,championship,Group B,group,false,2014-06-13,Chile,Australia,CHI,AUS,3,1,A_WIN,,,,,false,(2-1),"Arena Pantanal, Cuiabá",13,59,1037,545,46,492,CONMEBOL,AFC,false
781,2014,championship,Group B,group,false,2014-06-18,Australia,Netherlands,AUS,NED,2,3,B_WIN,,,,,false,,"Estádio Beira-Rio, Porto Alegre",59,15,545,967,-44,-422,AFC,UEFA,false
782,2014,championship,Group B,group,false,2014-06-18,Spain,Chile,ESP,CHI,0,2,B_WIN,,,,,false,,"Estádio do Maracanã, Rio de Janeiro",1,13,1460,1037,12,423,UEFA,CONMEBOL,false
783,2014,championship,Group B,group,false,2014-06-23,Australia,Spain,AUS,ESP,0,3,B_WIN,,,,,false,,"Arena da Baixada, Curitiba",59,1,545,1460,-58,-915,AFC,UEFA,false
784,2014,championship,Group B,group,false,2014-06-23,Netherlands,Chile,NED,CHI,2,0,A_WIN,,,,,false,,"Arena de São Paulo, São Paulo",15,13,967,1037,-2,-70,UEFA,CONMEBOL,false
785,2014,championship,Group C,group,false,2014-06-14,Colombia,Greece,COL,GRE,3,0,A_WIN,,,,,false,,"Estádio Mineirão, Belo Horizonte",5,10,1186,1082,5,104,CONMEBOL,UEFA,false
786,2014,championship,Group C,group,false,2014-06-14,Côte d'Ivoire,Japan,CIV,JPN,2,1,A_WIN,,,,,false,,"Arena Pernambuco, Recife",21,47,830,613,26,217,CAF,AFC,false
787,2014,championship,Group C,group,false,2014-06-19,Colombia,Côte d'Ivoire,COL,CIV,2,1,A_WIN,,,,,false,,"Estádio Nacional Mané Garrincha, Brasília",5,21,1186,830,16,356,CONMEBOL,CAF,false
788,2014,championship,Group C,group,false,2014-06-19,Japan,Greece,JPN,GRE,0,0,DRAW,,,,,false,,"Estádio das Dunas, Natal",47,10,613,1082,-37,-469,AFC,UEFA,false
789,2014,championship,Group C,group,false,2014-06-24,Japan,Colombia,JPN,COL,1,4,B_WIN,,,,,false,,"Arena Pantanal, Cuiabá",47,5,613,1186,-42,-573,AFC,CONMEBOL,false
790,2014,championship,Group C,group,false,2014-06-24,Greece,Côte d'Ivoire,GRE,CIV,2,1,A_WIN,,,,,false,,"Estádio Castelão, Fortaleza",10,21,1082,830,11,252,UEFA,CAF,false
791,2014,championship,Group D,group,false,2014-06-14,Uruguay,Costa Rica,URU,CRC,1,3,B_WIN,,,,,false,,"Estádio Castelão, Fortaleza",6,34,1181,748,28,433,CONMEBOL,CONCACAF,false
792,2014,championship,Group D,group,false,2014-06-14,England,Italy,ENG,ITA,1,2,B_WIN,,,,,false,,"Arena Amazônia, Manaus",11,9,1043,1115,-2,-72,UEFA,UEFA,true
793,2014,championship,Group D,group,false,2014-06-19,Uruguay,England,URU,ENG,2,1,A_WIN,,,,,false,,"Arena de São Paulo, São Paulo",6,11,1181,1043,5,138,CONMEBOL,UEFA,false
794,2014,championship,Group D,group,false,2014-06-20,Italy,Costa Rica,ITA,CRC,0,1,B_WIN,,,,,false,,"Arena Pernambuco, Recife",9,34,1115,748,25,367,UEFA,CONCACAF,false
795,2014,championship,Group D,group,false,2014-06-24,Italy,Uruguay,ITA,URU,0,1,B_WIN,,,,,false,,"Estádio das Dunas, Natal",9,6,1115,1181,-3,-66,UEFA,CONMEBOL,false
796,2014,championship,Group D,group,false,2014-06-24,Costa Rica,England,CRC,ENG,0,0,DRAW,,,,,false,,"Estádio Mineirão, Belo Horizonte",34,11,748,1043,-23,-295,CONCACAF,UEFA,false
797,2014,championship,Group E,group,false,2014-06-15,Switzerland,Ecuador,SUI,ECU,2,1,A_WIN,,,,,false,,"Estádio Nacional Mané Garrincha, Brasília",8,28,1161,794,20,367,UEFA,CONMEBOL,false
798,2014,championship,Group E,group,false,2014-06-15,France,Honduras,FRA,HON,3,0,A_WIN,,,,,false,,"Estádio Beira-Rio, Porto Alegre",16,30,935,759,14,176,UEFA,CONCACAF,false
799,2014,championship,Group E,group,false,2014-06-20,Switzerland,France,SUI,FRA,2,5,B_WIN,,,,,false,,"Arena Fonte Nova, Salvador",8,16,1161,935,8,226,UEFA,UEFA,true
800,2014,championship,Group E,group,false,2014-06-20,Honduras,Ecuador,HON,ECU,1,2,B_WIN,,,,,false,,"Arena da Baixada, Curitiba",30,28,759,794,-2,-35,CONCACAF,CONMEBOL,false
801,2014,championship,Group E,group,false,2014-06-25,Honduras,Switzerland,HON,SUI,0,3,B_WIN,,,,,false,,"Arena Amazônia, Manaus",30,8,759,1161,-22,-402,CONCACAF,UEFA,false
802,2014,championship,Group E,group,false,2014-06-25,Ecuador,France,ECU,FRA,0,0,DRAW,,,,,false,,"Estádio do Maracanã, Rio de Janeiro",28,16,794,935,-12,-141,CONMEBOL,UEFA,false
803,2014,championship,Group F,group,false,2014-06-15,Argentina,Bosnia-Herzegovina,ARG,,2,1,A_WIN,,,,,false,,"Estádio do Maracanã, Rio de Janeiro",7,,1178,,,,CONMEBOL,,
804,2014,championship,Group F,group,false,2014-06-16,Iran,Nigeria,IRN,NGA,0,0,DRAW,,,,,false,,"Arena da Baixada, Curitiba",37,44,715,631,7,84,AFC,CAF,false
805,2014,championship,Group F,group,false,2014-06-21,Argentina,Iran,ARG,IRN,1,0,A_WIN,,,,,false,,"Estádio Mineirão, Belo Horizonte",7,37,1178,715,30,463,CONMEBOL,AFC,false
806,2014,championship,Group F,group,false,2014-06-21,Nigeria,Bosnia-Herzegovina,NGA,,1,0,A_WIN,,,,,false,,"Arena Pantanal, Cuiabá",44,,631,,,,CAF,,
807,2014,championship,Group F,group,false,2014-06-25,Nigeria,Argentina,NGA,ARG,2,3,B_WIN,,,,,false,,"Estádio Beira-Rio, Porto Alegre",44,7,631,1178,-37,-547,CAF,CONMEBOL,false
808,2014,championship,Group F,group,false,2014-06-25,Bosnia-Herzegovina,Iran,,IRN,3,1,A_WIN,,,,,false,,"Arena Fonte Nova, Salvador",,37,,715,,,,AFC,
809,2014,championship,Group G,group,false,2014-06-16,Germany,Portugal,GER,POR,4,0,A_WIN,,,,,false,,"Arena Fonte Nova, Salvador",2,3,1340,1245,1,95,UEFA,UEFA,true
810,2014,championship,Group G,group,false,2014-06-16,Ghana,USA,GHA,USA,1,2,B_WIN,,,,,false,,"Estádio das Dunas, Natal",38,14,713,1015,-24,-302,CAF,CONCACAF,false
811,2014,championship,Group G,group,false,2014-06-21,Germany,Ghana,GER,GHA,2,2,DRAW,,,,,false,,"Estádio Castelão, Fortaleza",2,38,1340,713,36,627,UEFA,CAF,false
812,2014,championship,Group G,group,false,2014-06-22,USA,Portugal,USA,POR,2,2,DRAW,,,,,false,,"Arena Amazônia, Manaus",14,3,1015,1245,-11,-230,CONCACAF,UEFA,false
813,2014,championship,Group G,group,false,2014-06-26,USA,Germany,USA,GER,0,1,B_WIN,,,,,false,,"Arena Pernambuco, Recife",14,2,1015,1340,-12,-325,CONCACAF,UEFA,false
814,2014,championship,Group G,group,false,2014-06-26,Portugal,Ghana,POR,GHA,2,1,A_WIN,,,,,false,,"Estádio Nacional Mané Garrincha, Brasília",3,38,1245,713,35,532,UEFA,CAF,false
815,2014,championship,Group H,group,false,2014-06-17,Belgium,Algeria,BEL,ALG,2,1,A_WIN,,,,,false,,"Estádio Mineirão, Belo Horizonte",12,25,1039,795,13,244,UEFA,CAF,false
816,2014,championship,Group H,group,false,2014-06-17,Russia,South Korea,RUS,KOR,1,1,DRAW,,,,,false,,"Arena Pantanal, Cuiabá",18,55,903,551,37,352,UEFA,AFC,false
817,2014,championship,Group H,group,false,2014-06-22,Belgium,Russia,BEL,RUS,1,0,A_WIN,,,,,false,,"Estádio do Maracanã, Rio de Janeiro",12,18,1039,903,6,136,UEFA,UEFA,true
818,2014,championship,Group H,group,false,2014-06-22,South Korea,Algeria,KOR,ALG,2,4,B_WIN,,,,,false,,"Estádio Beira-Rio, Porto Alegre",55,25,551,795,-30,-244,AFC,CAF,false
819,2014,championship,Group H,group,false,2014-06-26,South Korea,Belgium,KOR,BEL,0,1,B_WIN,,,,,false,,"Arena de São Paulo, São Paulo",55,12,551,1039,-43,-488,AFC,UEFA,false
820,2014,championship,Group H,group,false,2014-06-26,Algeria,Russia,ALG,RUS,1,1,DRAW,,,,,false,,"Arena da Baixada, Curitiba",25,18,795,903,-7,-108,CAF,UEFA,false
821,2014,championship,Round of 16,round_of_16,true,2014-06-28,Brazil,Chile,BRA,CHI,1,1,DRAW,1,1,3,2,true,"a.e.t. (1-1, 1-1) , 3-2 pen.","Estádio Mineirão, Belo Horizonte   # 1A - 2B",4,13,1210,1037,9,173,CONMEBOL,CONMEBOL,true
822,2014,championship,Round of 16,round_of_16,true,2014-06-28,Colombia,Uruguay,COL,URU,2,0,A_WIN,,,,,false,(1-0),"Estádio do Maracanã, Rio de Janeiro   # 1C - 2D",5,6,1186,1181,1,5,CONMEBOL,CONMEBOL,true
823,2014,championship,Round of 16,round_of_16,true,2014-06-29,Netherlands,Mexico,NED,MEX,2,1,A_WIN,,,,,false,(0-0),"Estádio Castelão, Fortaleza         # 1B - 2A",15,19,967,877,4,90,UEFA,CONCACAF,false
824,2014,championship,Round of 16,round_of_16,true,2014-06-29,Costa Rica,Greece,CRC,GRE,1,1,DRAW,1,1,5,3,true,"a.e.t. (1-1, 0-0) , 5-3 pen.","Arena Pernambuco, Recife      # 1D - 2C",34,10,748,1082,-24,-334,CONCACAF,UEFA,false
825,2014,championship,Round of 16,round_of_16,true,2014-06-30,France,Nigeria,FRA,NGA,2,0,A_WIN,,,,,false,(0-0),"Estádio Nacional Mané Garrincha, Brasília      # 1E - 2F",16,44,935,631,28,304,UEFA,CAF,false
826,2014,championship,Round of 16,round_of_16,true,2014-06-30,Germany,Algeria,GER,ALG,0,0,DRAW,2,1,,,true,"a.e.t. (0-0, 0-0)","Estádio Beira-Rio, Porto Alegre     # 1G - 2H",2,25,1340,795,23,545,UEFA,CAF,false
827,2014,championship,Round of 16,round_of_16,true,2014-07-01,Argentina,Switzerland,ARG,SUI,0,0,DRAW,1,0,,,true,"a.e.t. (0-0, 0-0)","Arena de São Paulo, São Paulo    # 1F - 2E",7,8,1178,1161,1,17,CONMEBOL,UEFA,false
828,2014,championship,Round of 16,round_of_16,true,2014-07-01,Belgium,USA,BEL,USA,0,0,DRAW,2,1,,,true,"a.e.t. (0-0, 0-0)","Arena Fonte Nova, Salvador     # 1H - 2G",12,14,1039,1015,2,24,UEFA,CONCACAF,false
829,2014,championship,Quarter-finals,quarter_final,true,2014-07-04,France,Germany,FRA,GER,0,1,B_WIN,,,,,false,(0-1),"Estádio do Maracanã, Rio de Janeiro    # W53 - W54",16,2,935,1340,-14,-405,UEFA,UEFA,true
830,2014,championship,Quarter-finals,quarter_final,true,2014-07-04,Brazil,Colombia,BRA,COL,2,1,A_WIN,,,,,false,(1-0),"Estádio Castelão, Fortaleza    # W49 - W50",4,5,1210,1186,1,24,CONMEBOL,CONMEBOL,true
831,2014,championship,Quarter-finals,quarter_final,true,2014-07-05,Argentina,Belgium,ARG,BEL,1,0,A_WIN,,,,,false,(1-0),"Estádio Nacional Mané Garrincha, Brasília    # W55 - W56",7,12,1178,1039,5,139,CONMEBOL,UEFA,false
832,2014,championship,Quarter-finals,quarter_final,true,2014-07-05,Netherlands,Costa Rica,NED,CRC,0,0,DRAW,0,0,4,3,true,"a.e.t. (0-0, 0-0) , 4-3 pen.","Arena Fonte Nova, Salvador    # W51 - W52",15,34,967,748,19,219,UEFA,CONCACAF,false
833,2014,championship,Semi-finals,semi_final,true,2014-07-08,Brazil,Germany,BRA,GER,1,7,B_WIN,,,,,false,(0-5),"Estádio Mineirão, Belo Horizonte    # W57 - W58",4,2,1210,1340,-2,-130,CONMEBOL,UEFA,false
834,2014,championship,Semi-finals,semi_final,true,2014-07-09,Netherlands,Argentina,NED,ARG,0,0,DRAW,0,0,2,4,true,"a.e.t. (0-0, 0-0) , 2-4 pen.","Arena de São Paulo, São Paulo     # W59 - W69",15,7,967,1178,-8,-211,UEFA,CONMEBOL,false
835,2014,championship,Match for third place,third_place,true,2014-07-12,Brazil,Netherlands,BRA,NED,0,3,B_WIN,,,,,false,(0-2),"Estádio Nacional Mané Garrincha, Brasília",4,15,1210,967,11,243,CONMEBOL,UEFA,false
836,2014,championship,Final,final,true,2014-07-13,Germany,Argentina,GER,ARG,0,0,DRAW,1,0,,,true,"a.e.t. (0-0, 0-0)","Estádio do Maracanã, Rio de Janeiro",2,7,1340,1178,5,162,UEFA,CONMEBOL,false
837,2018,championship,Group A,group,false,2018-06-14,Russia,Saudi Arabia,RUS,KSA,5,0,A_WIN,,,,,false,(2-0),"Luzhniki Stadium, Moscow",66,67,493,462,1,31,UEFA,AFC,false
838,2018,championship,Group A,group,false,2018-06-15,Egypt,Uruguay,EGY,URU,0,1,B_WIN,,,,,false,(0-0),"Ekaterinburg Arena, Ekaterinburg",46,17,636,976,-29,-340,CAF,CONMEBOL,false
839,2018,championship,Group A,group,false,2018-06-19,Russia,Egypt,RUS,EGY,3,1,A_WIN,,,,,false,(0-0),"Saint Petersburg Stadium, Saint Petersburg",66,46,493,636,-20,-143,UEFA,CAF,false
840,2018,championship,Group A,group,false,2018-06-20,Uruguay,Saudi Arabia,URU,KSA,1,0,A_WIN,,,,,false,(1-0),"Rostov Arena, Rostov-on-Don",17,67,976,462,50,514,CONMEBOL,AFC,false
841,2018,championship,Group A,group,false,2018-06-25,Uruguay,Russia,URU,RUS,3,0,A_WIN,,,,,false,(2-0),"Samara Arena, Samara",17,66,976,493,49,483,CONMEBOL,UEFA,false
842,2018,championship,Group A,group,false,2018-06-25,Saudi Arabia,Egypt,KSA,EGY,2,1,A_WIN,,,,,false,(1-1),"Volgograd Arena, Volgograd",67,46,462,636,-21,-174,AFC,CAF,false
843,2018,championship,Group B,group,false,2018-06-15,Morocco,Iran,MAR,IRN,0,1,B_WIN,,,,,false,(0-0),"Saint Petersburg Stadium, Saint Petersburg",42,36,681,727,-6,-46,CAF,AFC,false
844,2018,championship,Group B,group,false,2018-06-15,Portugal,Spain,POR,ESP,3,3,DRAW,,,,,false,(2-1),"Fisht Stadium, Sochi",4,8,1306,1162,4,144,UEFA,UEFA,true
845,2018,championship,Group B,group,false,2018-06-20,Portugal,Morocco,POR,MAR,1,0,A_WIN,,,,,false,(1-0),"Luzhniki Stadium, Moscow",4,42,1306,681,38,625,UEFA,CAF,false
846,2018,championship,Group B,group,false,2018-06-20,Iran,Spain,IRN,ESP,0,1,B_WIN,,,,,false,(0-0),"Kazan Arena, Kazan",36,8,727,1162,-28,-435,AFC,UEFA,false
847,2018,championship,Group B,group,false,2018-06-25,Iran,Portugal,IRN,POR,1,1,DRAW,,,,,false,(0-1),"Mordovia Arena, Saransk",36,4,727,1306,-32,-579,AFC,UEFA,false
848,2018,championship,Group B,group,false,2018-06-25,Spain,Morocco,ESP,MAR,2,2,DRAW,,,,,false,(1-1),"Kaliningrad Stadium, Kaliningrad",8,42,1162,681,34,481,UEFA,CAF,false
849,2018,championship,Group C,group,false,2018-06-16,France,Australia,FRA,AUS,2,1,A_WIN,,,,,false,(0-0),"Kazan Arena, Kazan",7,40,1166,700,33,466,UEFA,AFC,false
850,2018,championship,Group C,group,false,2018-06-16,Peru,Denmark,PER,DEN,0,1,B_WIN,,,,,false,(0-0),"Mordovia Arena, Saransk",11,12,1106,1054,1,52,CONMEBOL,UEFA,false
851,2018,championship,Group C,group,false,2018-06-21,Denmark,Australia,DEN,AUS,1,1,DRAW,,,,,false,(1-1),"Samara Arena, Samara",12,40,1054,700,28,354,UEFA,AFC,false
852,2018,championship,Group C,group,false,2018-06-21,France,Peru,FRA,PER,1,0,A_WIN,,,,,false,(1-0),"Ekaterinburg Arena, Ekaterinburg",7,11,1166,1106,4,60,UEFA,CONMEBOL,false
853,2018,championship,Group C,group,false,2018-06-26,Denmark,France,DEN,FRA,0,0,DRAW,,,,,false,(0-0),"Luzhniki Stadium, Moscow",12,7,1054,1166,-5,-112,UEFA,UEFA,true
854,2018,championship,Group C,group,false,2018-06-26,Australia,Peru,AUS,PER,0,2,B_WIN,,,,,false,(0-1),"Fisht Stadium, Sochi",40,11,700,1106,-29,-406,AFC,CONMEBOL,false
855,2018,championship,Group D,group,false,2018-06-16,Argentina,Iceland,ARG,ISL,1,1,DRAW,,,,,false,(1-1),"Spartak Stadium, Moscow",5,22,1254,930,17,324,CONMEBOL,UEFA,false
856,2018,championship,Group D,group,false,2018-06-16,Croatia,Nigeria,CRO,NGA,2,0,A_WIN,,,,,false,(1-0),"Kaliningrad Stadium, Kaliningrad",18,47,975,635,29,340,UEFA,CAF,false
857,2018,championship,Group D,group,false,2018-06-21,Argentina,Croatia,ARG,CRO,0,3,B_WIN,,,,,false,(0-0),"Nizhny Novgorod Stadium, Nizhny Novgorod",5,18,1254,975,13,279,CONMEBOL,UEFA,false
858,2018,championship,Group D,group,false,2018-06-22,Nigeria,Iceland,NGA,ISL,2,0,A_WIN,,,,,false,(0-0),"Volgograd Arena, Volgograd",47,22,635,930,-25,-295,CAF,UEFA,false
859,2018,championship,Group D,group,false,2018-06-26,Nigeria,Argentina,NGA,ARG,1,2,B_WIN,,,,,false,(0-1),"Saint Petersburg Stadium, Saint Petersburg",47,5,635,1254,-42,-619,CAF,CONMEBOL,false
860,2018,championship,Group D,group,false,2018-06-26,Iceland,Croatia,ISL,CRO,1,2,B_WIN,,,,,false,(0-0),"Rostov Arena, Rostov-on-Don",22,18,930,975,-4,-45,UEFA,UEFA,true
861,2018,championship,Group E,group,false,2018-06-17,Costa Rica,Serbia,CRC,SRB,0,1,B_WIN,,,,,false,(0-0),"Samara Arena, Samara",25,35,858,732,10,126,CONCACAF,UEFA,false
862,2018,championship,Group E,group,false,2018-06-17,Brazil,Switzerland,BRA,SUI,1,1,DRAW,,,,,false,(1-0),"Rostov Arena, Rostov-on-Don",2,6,1384,1179,4,205,CONMEBOL,UEFA,false
863,2018,championship,Group E,group,false,2018-06-22,Brazil,Costa Rica,BRA,CRC,2,0,A_WIN,,,,,false,(0-0),"Saint Petersburg Stadium, Saint Petersburg",2,25,1384,858,23,526,CONMEBOL,CONCACAF,false
864,2018,championship,Group E,group,false,2018-06-22,Serbia,Switzerland,SRB,SUI,1,2,B_WIN,,,,,false,(1-0),"Kaliningrad Stadium, Kaliningrad",35,6,732,1179,-29,-447,UEFA,UEFA,true
865,2018,championship,Group E,group,false,2018-06-27,Serbia,Brazil,SRB,BRA,0,2,B_WIN,,,,,false,(0-1),"Spartak Stadium, Moscow",35,2,732,1384,-33,-652,UEFA,CONMEBOL,false
866,2018,championship,Group E,group,false,2018-06-27,Switzerland,Costa Rica,SUI,CRC,2,2,DRAW,,,,,false,(1-0),"Nizhny Novgorod Stadium, Nizhny Novgorod",6,25,1179,858,19,321,UEFA,CONCACAF,false
867,2018,championship,Group F,group,false,2018-06-17,Germany,Mexico,GER,MEX,0,1,B_WIN,,,,,false,(0-1),"Luzhniki Stadium, Moscow",1,15,1544,1008,14,536,UEFA,CONCACAF,false
868,2018,championship,Group F,group,false,2018-06-18,Sweden,South Korea,SWE,KOR,1,0,A_WIN,,,,,false,(0-0),"Nizhny Novgorod Stadium, Nizhny Novgorod",23,61,889,520,38,369,UEFA,AFC,false
869,2018,championship,Group F,group,false,2018-06-23,South Korea,Mexico,KOR,MEX,1,2,B_WIN,,,,,false,(0-1),"Rostov Arena, Rostov-on-Don",61,15,520,1008,-46,-488,AFC,CONCACAF,false
870,2018,championship,Group F,group,false,2018-06-23,Germany,Sweden,GER,SWE,2,1,A_WIN,,,,,false,(0-1),"Fisht Stadium, Sochi",1,23,1544,889,22,655,UEFA,UEFA,true
871,2018,championship,Group F,group,false,2018-06-27,South Korea,Germany,KOR,GER,2,0,A_WIN,,,,,false,(0-0),"Kazan Arena, Kazan",61,1,520,1544,-60,-1024,AFC,UEFA,false
872,2018,championship,Group F,group,false,2018-06-27,Mexico,Sweden,MEX,SWE,0,3,B_WIN,,,,,false,(0-0),"Ekaterinburg Arena, Ekaterinburg",15,23,1008,889,8,119,CONCACAF,UEFA,false
873,2018,championship,Group G,group,false,2018-06-18,Belgium,Panama,BEL,PAN,3,0,A_WIN,,,,,false,(0-0),"Fisht Stadium, Sochi",3,55,1346,574,52,772,UEFA,CONCACAF,false
874,2018,championship,Group G,group,false,2018-06-18,Tunisia,England,TUN,ENG,1,2,B_WIN,,,,,false,(1-1),"Volgograd Arena, Volgograd",14,13,1012,1040,-1,-28,CAF,UEFA,false
875,2018,championship,Group G,group,false,2018-06-23,Belgium,Tunisia,BEL,TUN,5,2,A_WIN,,,,,false,(3-1),"Spartak Stadium, Moscow",3,14,1346,1012,11,334,UEFA,CAF,false
876,2018,championship,Group G,group,false,2018-06-24,England,Panama,ENG,PAN,6,1,A_WIN,,,,,false,(5-0),"Nizhny Novgorod Stadium, Nizhny Novgorod",13,55,1040,574,42,466,UEFA,CONCACAF,false
877,2018,championship,Group G,group,false,2018-06-28,England,Belgium,ENG,BEL,0,1,B_WIN,,,,,false,(0-0),"Kaliningrad Stadium, Kaliningrad",13,3,1040,1346,-10,-306,UEFA,UEFA,true
878,2018,championship,Group G,group,false,2018-06-28,Panama,Tunisia,PAN,TUN,1,2,B_WIN,,,,,false,(1-0),"Mordovia Arena, Saransk",55,14,574,1012,-41,-438,CONCACAF,CAF,false
879,2018,championship,Group H,group,false,2018-06-19,Colombia,Japan,COL,JPN,1,2,B_WIN,,,,,false,(1-1),"Mordovia Arena, Saransk",16,60,989,528,44,461,CONMEBOL,AFC,false
880,2018,championship,Group H,group,false,2018-06-19,Poland,Senegal,POL,SEN,1,2,B_WIN,,,,,false,(0-1),"Spartak Stadium, Moscow",10,28,1128,825,18,303,UEFA,CAF,false
881,2018,championship,Group H,group,false,2018-06-24,Japan,Senegal,JPN,SEN,2,2,DRAW,,,,,false,(1-1),"Ekaterinburg Arena, Ekaterinburg",60,28,528,825,-32,-297,AFC,CAF,false
882,2018,championship,Group H,group,false,2018-06-24,Poland,Colombia,POL,COL,0,3,B_WIN,,,,,false,(0-1),"Kazan Arena, Kazan",10,16,1128,989,6,139,UEFA,CONMEBOL,false
883,2018,championship,Group H,group,false,2018-06-28,Japan,Poland,JPN,POL,0,1,B_WIN,,,,,false,(0-1),"Volgograd Arena, Volgograd",60,10,528,1128,-50,-600,AFC,UEFA,false
884,2018,championship,Group H,group,false,2018-06-28,Senegal,Colombia,SEN,COL,0,1,B_WIN,,,,,false,(0-1),"Samara Arena, Samara",28,16,825,989,-12,-164,CAF,CONMEBOL,false
885,2018,championship,Round of 16,round_of_16,true,2018-06-30,France,Argentina,FRA,ARG,4,3,A_WIN,,,,,false,(1-1),"Kazan Arena, Kazan",7,5,1166,1254,-2,-88,UEFA,CONMEBOL,false
886,2018,championship,Round of 16,round_of_16,true,2018-06-30,Uruguay,Portugal,URU,POR,2,1,A_WIN,,,,,false,(1-0),"Fisht Stadium, Sochi",17,4,976,1306,-13,-330,CONMEBOL,UEFA,false
887,2018,championship,Round of 16,round_of_16,true,2018-07-01,Spain,Russia,ESP,RUS,1,1,DRAW,1,1,3,4,true,"a.e.t. (1-1, 1-1) , 3-4 pen.","Luzhniki Stadium, Moscow",8,66,1162,493,58,669,UEFA,UEFA,true
888,2018,championship,Round of 16,round_of_16,true,2018-07-01,Croatia,Denmark,CRO,DEN,1,1,DRAW,1,1,3,2,true,"a.e.t. (1-1, 1-1) , 3-2 pen.","Nizhny Novgorod Stadium, Nizhny Novgorod",18,12,975,1054,-6,-79,UEFA,UEFA,true
889,2018,championship,Round of 16,round_of_16,true,2018-07-02,Brazil,Mexico,BRA,MEX,2,0,A_WIN,,,,,false,(0-0),"Samara Arena, Samara",2,15,1384,1008,13,376,CONMEBOL,CONCACAF,false
890,2018,championship,Round of 16,round_of_16,true,2018-07-02,Belgium,Japan,BEL,JPN,3,2,A_WIN,,,,,false,(0-0),"Rostov Arena, Rostov-on-Don",3,60,1346,528,57,818,UEFA,AFC,false
891,2018,championship,Round of 16,round_of_16,true,2018-07-03,Sweden,Switzerland,SWE,SUI,1,0,A_WIN,,,,,false,(0-0),"Saint Petersburg Stadium, Saint Petersburg",23,6,889,1179,-17,-290,UEFA,UEFA,true
892,2018,championship,Round of 16,round_of_16,true,2018-07-03,Colombia,England,COL,ENG,1,1,DRAW,1,1,3,4,true,"a.e.t. (1-1, 0-0) , 3-4 pen.","Spartak Stadium, Moscow",16,13,989,1040,-3,-51,CONMEBOL,UEFA,false
893,2018,championship,Quarter-finals,quarter_final,true,2018-07-06,Uruguay,France,URU,FRA,0,2,B_WIN,,,,,false,(0-1),"Nizhny Novgorod Stadium, Nizhny Novgorod",17,7,976,1166,-10,-190,CONMEBOL,UEFA,false
894,2018,championship,Quarter-finals,quarter_final,true,2018-07-06,Brazil,Belgium,BRA,BEL,1,2,B_WIN,,,,,false,(0-2),"Kazan Arena, Kazan",2,3,1384,1346,1,38,CONMEBOL,UEFA,false
895,2018,championship,Quarter-finals,quarter_final,true,2018-07-07,Sweden,England,SWE,ENG,0,2,B_WIN,,,,,false,(0-1),"Samara Arena, Samara",23,13,889,1040,-10,-151,UEFA,UEFA,true
896,2018,championship,Quarter-finals,quarter_final,true,2018-07-07,Russia,Croatia,RUS,CRO,1,1,DRAW,2,2,3,4,true,"a.e.t. (1-1, 1-1) , 3-4 pen.","Fisht Stadium, Sochi",66,18,493,975,-48,-482,UEFA,UEFA,true
897,2018,championship,Semi-finals,semi_final,true,2018-07-10,France,Belgium,FRA,BEL,1,0,A_WIN,,,,,false,(0-0),"Saint Petersburg Stadium, St. Petersburg",7,3,1166,1346,-4,-180,UEFA,UEFA,true
898,2018,championship,Semi-finals,semi_final,true,2018-07-11,Croatia,England,CRO,ENG,1,1,DRAW,2,1,,,true,"a.e.t. (1-1, 0-1)","Luzhniki Stadium, Moscow",18,13,975,1040,-5,-65,UEFA,UEFA,true
899,2018,championship,Match for third place,third_place,true,2018-07-14,Belgium,England,BEL,ENG,2,0,A_WIN,,,,,false,(1-0),"Saint Petersburg Stadium, St. Petersburg",3,13,1346,1040,10,306,UEFA,UEFA,true
900,2018,championship,Final,final,true,2018-07-15,France,Croatia,FRA,CRO,4,2,A_WIN,,,,,false,(2-1),"Luzhniki Stadium, Moscow",7,18,1166,975,11,191,UEFA,UEFA,true
901,2022,championship,Group A,group,false,2022-11-20,Qatar,Ecuador,QAT,ECU,0,2,B_WIN,,,,,false,(0-2),"Al Bayt Stadium, Al Khor",51,46,1441.41,1452.63,-5,-11.22,AFC,CONMEBOL,false
902,2022,championship,Group A,group,false,2022-11-21,Senegal,Netherlands,SEN,NED,0,2,B_WIN,,,,,false,(0-0),"Al Thumama Stadium, Doha",20,10,1584.16,1658.66,-10,-74.5,CAF,UEFA,false
903,2022,championship,Group A,group,false,2022-11-25,Qatar,Senegal,QAT,SEN,1,3,B_WIN,,,,,false,(0-1),"Al Thumama Stadium, Doha",51,20,1441.41,1584.16,-31,-142.75,AFC,CAF,false
904,2022,championship,Group A,group,false,2022-11-25,Netherlands,Ecuador,NED,ECU,1,1,DRAW,,,,,false,(1-0),"Khalifa International Stadium, Al Rayyan",10,46,1658.66,1452.63,36,206.03,UEFA,CONMEBOL,false
905,2022,championship,Group A,group,false,2022-11-29,Ecuador,Senegal,ECU,SEN,1,2,B_WIN,,,,,false,(0-1),"Khalifa International Stadium, Al Rayyan",46,20,1452.63,1584.16,-26,-131.53,CONMEBOL,CAF,false
906,2022,championship,Group A,group,false,2022-11-29,Netherlands,Qatar,NED,QAT,2,0,A_WIN,,,,,false,(1-0),"Al Bayt Stadium, Al Khor",10,51,1658.66,1441.41,41,217.25,UEFA,AFC,false
907,2022,championship,Group B,group,false,2022-11-21,England,Iran,ENG,IRN,6,2,A_WIN,,,,,false,(3-0),"Khalifa International Stadium, Al Rayyan",5,21,1761.71,1564.49,16,197.22,UEFA,AFC,false
908,2022,championship,Group B,group,false,2022-11-21,USA,Wales,USA,WAL,1,1,DRAW,,,,,false,(1-0),"Ahmad bin Ali Stadium, Al Rayyan",15,18,1633.72,1588.08,3,45.64,CONCACAF,UEFA,false
909,2022,championship,Group B,group,false,2022-11-25,Wales,Iran,WAL,IRN,0,2,B_WIN,,,,,false,(0-0),"Ahmad bin Ali Stadium, Al Rayyan",18,21,1588.08,1564.49,3,23.59,UEFA,AFC,false
910,2022,championship,Group B,group,false,2022-11-25,England,USA,ENG,USA,0,0,DRAW,,,,,false,,"Al Bayt Stadium, Al Khor",5,15,1761.71,1633.72,10,127.99,UEFA,CONCACAF,false
911,2022,championship,Group B,group,false,2022-11-29,Wales,England,WAL,ENG,0,3,B_WIN,,,,,false,(0-0),"Ahmad bin Ali Stadium, Al Rayyan",18,5,1588.08,1761.71,-13,-173.63,UEFA,UEFA,true
912,2022,championship,Group B,group,false,2022-11-29,Iran,USA,IRN,USA,0,1,B_WIN,,,,,false,(0-1),"Al Thumama Stadium, Doha",21,15,1564.49,1633.72,-6,-69.23,AFC,CONCACAF,false
913,2022,championship,Group C,group,false,2022-11-22,Argentina,Saudi Arabia,ARG,KSA,1,2,B_WIN,,,,,false,(1-0),"Lusail Iconic Stadium, Lusail",4,49,1765.13,1444.69,45,320.44,CONMEBOL,AFC,false
914,2022,championship,Group C,group,false,2022-11-22,Mexico,Poland,MEX,POL,0,0,DRAW,,,,,false,,"Stadium 974, Doha",9,26,1658.82,1544.2,17,114.62,CONCACAF,UEFA,false
915,2022,championship,Group C,group,false,2022-11-26,Poland,Saudi Arabia,POL,KSA,2,0,A_WIN,,,,,false,(1-0),"Education City Stadium, Al Rayyan",26,49,1544.2,1444.69,23,99.51,UEFA,AFC,false
916,2022,championship,Group C,group,false,2022-11-26,Argentina,Mexico,ARG,MEX,2,0,A_WIN,,,,,false,(0-0),"Lusail Iconic Stadium, Lusail",4,9,1765.13,1658.82,5,106.31,CONMEBOL,CONCACAF,false
917,2022,championship,Group C,group,false,2022-11-30,Poland,Argentina,POL,ARG,0,2,B_WIN,,,,,false,(0-0),"Stadium 974, Doha",26,4,1544.2,1765.13,-22,-220.93,UEFA,CONMEBOL,false
918,2022,championship,Group C,group,false,2022-11-30,Saudi Arabia,Mexico,KSA,MEX,1,2,B_WIN,,,,,false,(0-0),"Lusail Iconic Stadium, Lusail",49,9,1444.69,1658.82,-40,-214.13,AFC,CONCACAF,false
919,2022,championship,Group D,group,false,2022-11-22,Denmark,Tunisia,DEN,TUN,0,0,DRAW,,,,,false,,"Education City Stadium, Al Rayyan",11,35,1653.6,1499.8,24,153.8,UEFA,CAF,false
920,2022,championship,Group D,group,false,2022-11-22,France,Australia,FRA,AUS,4,1,A_WIN,,,,,false,(2-1),"Al Janoub Stadium, Al Wakrah",3,42,1789.85,1462.29,39,327.56,UEFA,AFC,false
921,2022,championship,Group D,group,false,2022-11-26,Tunisia,Australia,TUN,AUS,0,1,B_WIN,,,,,false,(0-1),"Al Janoub Stadium, Al Wakrah",35,42,1499.8,1462.29,7,37.51,CAF,AFC,false
922,2022,championship,Group D,group,false,2022-11-26,France,Denmark,FRA,DEN,2,1,A_WIN,,,,,false,(0-0),"Stadium 974, Doha",3,11,1789.85,1653.6,8,136.25,UEFA,UEFA,true
923,2022,championship,Group D,group,false,2022-11-30,Australia,Denmark,AUS,DEN,1,0,A_WIN,,,,,false,(0-0),"Al Janoub Stadium, Al Wakrah",42,11,1462.29,1653.6,-31,-191.31,AFC,UEFA,false
924,2022,championship,Group D,group,false,2022-11-30,Tunisia,France,TUN,FRA,1,0,A_WIN,,,,,false,(0-0),"Education City Stadium, Al Rayyan",35,3,1499.8,1789.85,-32,-290.05,CAF,UEFA,false
925,2022,championship,Group E,group,false,2022-11-23,Germany,Japan,GER,JPN,1,2,B_WIN,,,,,false,(1-0),"Khalifa International Stadium, Al Rayyan",12,23,1650.53,1553.44,11,97.09,UEFA,AFC,false
926,2022,championship,Group E,group,false,2022-11-23,Spain,Costa Rica,ESP,CRC,7,0,A_WIN,,,,,false,(3-0),"Al Thumama Stadium, Doha",7,31,1709.19,1503.09,24,206.1,UEFA,CONCACAF,false
927,2022,championship,Group E,group,false,2022-11-27,Japan,Costa Rica,JPN,CRC,0,1,B_WIN,,,,,false,(0-0),"Ahmad bin Ali Stadium, Al Rayyan",23,31,1553.44,1503.09,8,50.35,AFC,CONCACAF,false
928,2022,championship,Group E,group,false,2022-11-27,Spain,Germany,ESP,GER,1,1,DRAW,,,,,false,(0-0),"Al Bayt Stadium, Al Khor",7,12,1709.19,1650.53,5,58.66,UEFA,UEFA,true
929,2022,championship,Group E,group,false,2022-12-01,Japan,Spain,JPN,ESP,2,1,A_WIN,,,,,false,(0-0),"Khalifa International Stadium, Al Rayyan",23,7,1553.44,1709.19,-16,-155.75,AFC,UEFA,false
930,2022,championship,Group E,group,false,2022-12-01,Costa Rica,Germany,CRC,GER,2,4,B_WIN,,,,,false,(0-1),"Al Bayt Stadium, Al Khor",31,12,1503.09,1650.53,-19,-147.44,CONCACAF,UEFA,false
931,2022,championship,Group F,group,false,2022-11-23,Morocco,Croatia,MAR,CRO,0,0,DRAW,,,,,false,,"Al Bayt Stadium, Al Khor",24,16,1551.88,1621.11,-8,-69.23,CAF,UEFA,false
932,2022,championship,Group F,group,false,2022-11-23,Belgium,Canada,BEL,CAN,1,0,A_WIN,,,,,false,(1-0),"Ahmad bin Ali Stadium, Al Rayyan",2,38,1827,1479,36,348,UEFA,CONCACAF,false
933,2022,championship,Group F,group,false,2022-11-27,Belgium,Morocco,BEL,MAR,0,2,B_WIN,,,,,false,(0-0),"Al Thumama Stadium, Doha",2,24,1827,1551.88,22,275.12,UEFA,CAF,false
934,2022,championship,Group F,group,false,2022-11-27,Croatia,Canada,CRO,CAN,4,1,A_WIN,,,,,false,(2-1),"Khalifa International Stadium, Al Rayyan",16,38,1621.11,1479,22,142.11,UEFA,CONCACAF,false
935,2022,championship,Group F,group,false,2022-12-01,Croatia,Belgium,CRO,BEL,0,0,DRAW,,,,,false,,"Ahmad bin Ali Stadium, Al Rayyan",16,2,1621.11,1827,-14,-205.89,UEFA,UEFA,true
936,2022,championship,Group F,group,false,2022-12-01,Canada,Morocco,CAN,MAR,1,2,B_WIN,,,,,false,(1-2),"Al Thumama Stadium, Doha",38,24,1479,1551.88,-14,-72.88,CONCACAF,CAF,false
937,2022,championship,Group G,group,false,2022-11-24,Switzerland,Cameroon,SUI,CMR,1,0,A_WIN,,,,,false,(0-0),"Al Janoub Stadium, Al Wakrah",14,37,1635.32,1480.48,23,154.84,UEFA,CAF,false
938,2022,championship,Group G,group,false,2022-11-24,Brazil,Serbia,BRA,SRB,2,0,A_WIN,,,,,false,(0-0),"Lusail Iconic Stadium, Lusail",1,25,1832.69,1547.53,24,285.16,CONMEBOL,UEFA,false
939,2022,championship,Group G,group,false,2022-11-28,Cameroon,Serbia,CMR,SRB,3,3,DRAW,,,,,false,(1-2),"Al Janoub Stadium, Al Wakrah",37,25,1480.48,1547.53,-12,-67.05,CAF,UEFA,false
940,2022,championship,Group G,group,false,2022-11-28,Brazil,Switzerland,BRA,SUI,1,0,A_WIN,,,,,false,(0-0),"Stadium 974, Doha",1,14,1832.69,1635.32,13,197.37,CONMEBOL,UEFA,false
941,2022,championship,Group G,group,false,2022-12-02,Serbia,Switzerland,SRB,SUI,2,3,B_WIN,,,,,false,(2-1),"Stadium 974, Doha",25,14,1547.53,1635.32,-11,-87.79,UEFA,UEFA,true
942,2022,championship,Group G,group,false,2022-12-02,Cameroon,Brazil,CMR,BRA,1,0,A_WIN,,,,,false,(0-0),"Lusail Iconic Stadium, Lusail",37,1,1480.48,1832.69,-36,-352.21,CAF,CONMEBOL,false
943,2022,championship,Group H,group,false,2022-11-24,Uruguay,South Korea,URU,KOR,0,0,DRAW,,,,,false,,"Education City Stadium, Al Rayyan",13,29,1635.73,1519.54,16,116.19,CONMEBOL,AFC,false
944,2022,championship,Group H,group,false,2022-11-24,Portugal,Ghana,POR,GHA,3,2,A_WIN,,,,,false,(0-0),"Stadium 974, Doha",8,60,1674.78,1387.36,52,287.42,UEFA,CAF,false
945,2022,championship,Group H,group,false,2022-11-28,South Korea,Ghana,KOR,GHA,2,3,B_WIN,,,,,false,(0-2),"Education City Stadium, Al Rayyan",29,60,1519.54,1387.36,31,132.18,AFC,CAF,false
946,2022,championship,Group H,group,false,2022-11-28,Portugal,Uruguay,POR,URU,2,0,A_WIN,,,,,false,(0-0),"Lusail Iconic Stadium, Lusail",8,13,1674.78,1635.73,5,39.05,UEFA,CONMEBOL,false
947,2022,championship,Group H,group,false,2022-12-02,Ghana,Uruguay,GHA,URU,0,2,B_WIN,,,,,false,,"Al Janoub Stadium, Al Wakrah",60,13,1387.36,1635.73,-47,-248.37,CAF,CONMEBOL,false
948,2022,championship,Group H,group,false,2022-12-02,South Korea,Portugal,KOR,POR,2,1,A_WIN,,,,,false,(1-1),"Lusail Iconic Stadium, Lusail",29,8,1519.54,1674.78,-21,-155.24,AFC,UEFA,false
949,2022,championship,Round of 16,round_of_16,true,2022-12-03,Netherlands,USA,NED,USA,3,1,A_WIN,,,,,false,(2-0),"Khalifa International Stadium, Al Rayyan",10,15,1658.66,1633.72,5,24.94,UEFA,CONCACAF,false
950,2022,championship,Round of 16,round_of_16,true,2022-12-03,Argentina,Australia,ARG,AUS,2,1,A_WIN,,,,,false,(1-0),"Ahmad bin Ali Stadium, Al Rayyan",4,42,1765.13,1462.29,38,302.84,CONMEBOL,AFC,false
951,2022,championship,Round of 16,round_of_16,true,2022-12-04,France,Poland,FRA,POL,3,1,A_WIN,,,,,false,(1-0),"Al Thumama Stadium, Doha",3,26,1789.85,1544.2,23,245.65,UEFA,UEFA,true
952,2022,championship,Round of 16,round_of_16,true,2022-12-04,England,Senegal,ENG,SEN,3,0,A_WIN,,,,,false,(2-0),"Al Bayt Stadium, Al Khor",5,20,1761.71,1584.16,15,177.55,UEFA,CAF,false
953,2022,championship,Round of 16,round_of_16,true,2022-12-05,Japan,Croatia,JPN,CRO,1,1,DRAW,1,1,1,3,true,"a.e.t (1-1, 1-0) , 1-3 pen.","Al Janoub Stadium, Al Wakrah",23,16,1553.44,1621.11,-7,-67.67,AFC,UEFA,false
954,2022,championship,Round of 16,round_of_16,true,2022-12-05,Brazil,South Korea,BRA,KOR,4,1,A_WIN,,,,,false,(4-0),"Stadium 974, Doha",1,29,1832.69,1519.54,28,313.15,CONMEBOL,AFC,false
955,2022,championship,Round of 16,round_of_16,true,2022-12-06,Morocco,Spain,MAR,ESP,0,0,DRAW,0,0,3,0,true,"a.e.t. (0-0, 0-0) , 3-0 pen.","Education City Stadium, Al Rayyan",24,7,1551.88,1709.19,-17,-157.31,CAF,UEFA,false
956,2022,championship,Round of 16,round_of_16,true,2022-12-06,Portugal,Switzerland,POR,SUI,6,1,A_WIN,,,,,false,(2-0),"Lusail Iconic Stadium, Lusail",8,14,1674.78,1635.32,6,39.46,UEFA,UEFA,true
957,2022,championship,Quarter-finals,quarter_final,true,2022-12-09,Croatia,Brazil,CRO,BRA,0,0,DRAW,1,1,4,2,true,"a.e.t. (0-0, 0-0) , 4-2 pen.","Education City Stadium, Al Rayyan",16,1,1621.11,1832.69,-15,-211.58,UEFA,CONMEBOL,false
958,2022,championship,Quarter-finals,quarter_final,true,2022-12-09,Netherlands,Argentina,NED,ARG,2,2,DRAW,2,2,3,4,true,"a.e.t. (2-2, 1-0) , 3-4 pen.","Lusail Iconic Stadium, Lusail",10,4,1658.66,1765.13,-6,-106.47,UEFA,CONMEBOL,false
959,2022,championship,Quarter-finals,quarter_final,true,2022-12-10,Morocco,Portugal,MAR,POR,1,0,A_WIN,,,,,false,(1-0),"Al Thumama Stadium, Doha",24,8,1551.88,1674.78,-16,-122.9,CAF,UEFA,false
960,2022,championship,Quarter-finals,quarter_final,true,2022-12-10,England,France,ENG,FRA,1,2,B_WIN,,,,,false,(0-1),"Al Bayt Stadium, Al Khor",5,3,1761.71,1789.85,-2,-28.14,UEFA,UEFA,true
961,2022,championship,Semi-finals,semi_final,true,2022-12-13,Argentina,Croatia,ARG,CRO,3,0,A_WIN,,,,,false,(2-0),"Lusail Iconic Stadium, Lusail",4,16,1765.13,1621.11,12,144.02,CONMEBOL,UEFA,false
962,2022,championship,Semi-finals,semi_final,true,2022-12-14,France,Morocco,FRA,MAR,2,0,A_WIN,,,,,false,(1-0),"Al Bayt Stadium, Al Khor",3,24,1789.85,1551.88,21,237.97,UEFA,CAF,false
963,2022,championship,Match for third place,third_place,true,2022-12-17,Croatia,Morocco,CRO,MAR,2,1,A_WIN,,,,,false,(2-1),"Khalifa International Stadium, Al Rayyan",16,24,1621.11,1551.88,8,69.23,UEFA,CAF,false
964,2022,championship,Final,final,true,2022-12-18,Argentina,France,ARG,FRA,2,2,DRAW,3,3,4,2,true,"a.e.t. (2-2, 2-0) , 4-2 pen.","Lusail Iconic Stadium, Lusail",4,3,1765.13,1789.85,-1,-24.72,CONMEBOL,UEFA,false
965,2026,championship,Group A,group,false,2026-06-11,Mexico,South Africa,MEX,RSA,,,,,,,,false,,Mexico City,15,60,1681.03,1429.73,45,251.3,CONCACAF,CAF,false
966,2026,championship,Group A,group,false,2026-06-11,South Korea,Czech Republic,KOR,CZE,,,,,,,,false,,Guadalajara (Zapopan),25,41,1588.66,1501.38,16,87.28,AFC,UEFA,false
967,2026,championship,Group A,group,false,2026-06-18,Czech Republic,South Africa,CZE,RSA,,,,,,,,false,,Atlanta,41,60,1501.38,1429.73,19,71.65,UEFA,CAF,false
968,2026,championship,Group A,group,false,2026-06-18,Mexico,South Korea,MEX,KOR,,,,,,,,false,,Guadalajara (Zapopan),15,25,1681.03,1588.66,10,92.37,CONCACAF,AFC,false
969,2026,championship,Group A,group,false,2026-06-24,Czech Republic,Mexico,CZE,MEX,,,,,,,,false,,Mexico City,41,15,1501.38,1681.03,-26,-179.65,UEFA,CONCACAF,false
970,2026,championship,Group A,group,false,2026-06-24,South Africa,South Korea,RSA,KOR,,,,,,,,false,,Monterrey (Guadalupe),60,25,1429.73,1588.66,-35,-158.93,CAF,AFC,false
971,2026,championship,Group B,group,false,2026-06-12,Canada,Bosnia & Herzegovina,CAN,BIH,,,,,,,,false,,Toronto,30,65,1556.48,1385.84,35,170.64,CONCACAF,UEFA,false
972,2026,championship,Group B,group,false,2026-06-13,Qatar,Switzerland,QAT,SUI,,,,,,,,false,,San Francisco Bay Area (Santa Clara),55,19,1454.96,1649.4,-36,-194.44,AFC,UEFA,false
973,2026,championship,Group B,group,false,2026-06-18,Switzerland,Bosnia & Herzegovina,SUI,BIH,,,,,,,,false,,Los Angeles (Inglewood),19,65,1649.4,1385.84,46,263.56,UEFA,UEFA,true
974,2026,championship,Group B,group,false,2026-06-18,Canada,Qatar,CAN,QAT,,,,,,,,false,,Vancouver,30,55,1556.48,1454.96,25,101.52,CONCACAF,AFC,false
975,2026,championship,Group B,group,false,2026-06-24,Switzerland,Canada,SUI,CAN,,,,,,,,false,,Vancouver,19,30,1649.4,1556.48,11,92.92,UEFA,CONCACAF,false
976,2026,championship,Group B,group,false,2026-06-24,Bosnia & Herzegovina,Qatar,BIH,QAT,,,,,,,,false,,Seattle,65,55,1385.84,1454.96,-10,-69.12,UEFA,AFC,false
977,2026,championship,Group C,group,false,2026-06-13,Brazil,Morocco,BRA,MAR,,,,,,,,false,,New York/New Jersey (East Rutherford),6,8,1761.16,1755.87,2,5.29,CONMEBOL,CAF,false
978,2026,championship,Group C,group,false,2026-06-13,Haiti,Scotland,HAI,SCO,,,,,,,,false,,Boston (Foxborough),83,43,1291.71,1498.35,-40,-206.64,CONCACAF,UEFA,false
979,2026,championship,Group C,group,false,2026-06-19,Scotland,Morocco,SCO,MAR,,,,,,,,false,,Boston (Foxborough),43,8,1498.35,1755.87,-35,-257.52,UEFA,CAF,false
980,2026,championship,Group C,group,false,2026-06-19,Brazil,Haiti,BRA,HAI,,,,,,,,false,,Philadelphia,6,83,1761.16,1291.71,77,469.45,CONMEBOL,CONCACAF,false
981,2026,championship,Group C,group,false,2026-06-24,Scotland,Brazil,SCO,BRA,,,,,,,,false,,Miami (Miami Gardens),43,6,1498.35,1761.16,-37,-262.81,UEFA,CONMEBOL,false
982,2026,championship,Group C,group,false,2026-06-24,Morocco,Haiti,MAR,HAI,,,,,,,,false,,Atlanta,8,83,1755.87,1291.71,75,464.16,CAF,CONCACAF,false
983,2026,championship,Group D,group,false,2026-06-12,USA,Paraguay,USA,PAR,,,,,,,,false,,Los Angeles (Inglewood),16,40,1673.13,1503.5,24,169.63,CONCACAF,CONMEBOL,false
984,2026,championship,Group D,group,false,2026-06-13,Australia,Turkey,AUS,TUR,,,,,,,,false,,Vancouver,27,22,1580.67,1599.04,-5,-18.37,AFC,UEFA,false
985,2026,championship,Group D,group,false,2026-06-19,USA,Australia,USA,AUS,,,,,,,,false,,Seattle,16,27,1673.13,1580.67,11,92.46,CONCACAF,AFC,false
986,2026,championship,Group D,group,false,2026-06-19,Turkey,Paraguay,TUR,PAR,,,,,,,,false,,San Francisco Bay Area (Santa Clara),22,40,1599.04,1503.5,18,95.54,UEFA,CONMEBOL,false
987,2026,championship,Group D,group,false,2026-06-25,Turkey,USA,TUR,USA,,,,,,,,false,,Los Angeles (Inglewood),22,16,1599.04,1673.13,-6,-74.09,UEFA,CONCACAF,false
988,2026,championship,Group D,group,false,2026-06-25,Paraguay,Australia,PAR,AUS,,,,,,,,false,,San Francisco Bay Area (Santa Clara),40,27,1503.5,1580.67,-13,-77.17,CONMEBOL,AFC,false
989,2026,championship,Group E,group,false,2026-06-14,Germany,Curaçao,GER,CUW,,,,,,,,false,,Houston,10,82,1730.37,1294.65,72,435.72,UEFA,CONCACAF,false
990,2026,championship,Group E,group,false,2026-06-14,Ivory Coast,Ecuador,CIV,ECU,,,,,,,,false,,Philadelphia,34,23,1532.98,1594.78,-11,-61.8,CAF,CONMEBOL,false
991,2026,championship,Group E,group,false,2026-06-20,Germany,Ivory Coast,GER,CIV,,,,,,,,false,,Toronto,10,34,1730.37,1532.98,24,197.39,UEFA,CAF,false
992,2026,championship,Group E,group,false,2026-06-20,Ecuador,Curaçao,ECU,CUW,,,,,,,,false,,Kansas City,23,82,1594.78,1294.65,59,300.13,CONMEBOL,CONCACAF,false
993,2026,championship,Group E,group,false,2026-06-25,Curaçao,Ivory Coast,CUW,CIV,,,,,,,,false,,Philadelphia,82,34,1294.65,1532.98,-48,-238.33,CONCACAF,CAF,false
994,2026,championship,Group E,group,false,2026-06-25,Ecuador,Germany,ECU,GER,,,,,,,,false,,New York/New Jersey (East Rutherford),23,10,1594.78,1730.37,-13,-135.59,CONMEBOL,UEFA,false
995,2026,championship,Group F,group,false,2026-06-14,Netherlands,Japan,NED,JPN,,,,,,,,false,,Dallas (Arlington),7,18,1757.87,1660.43,11,97.44,UEFA,AFC,false
996,2026,championship,Group F,group,false,2026-06-14,Sweden,Tunisia,SWE,TUN,,,,,,,,false,,Monterrey (Guadalupe),38,44,1514.77,1483.05,6,31.72,UEFA,CAF,false
997,2026,championship,Group F,group,false,2026-06-20,Netherlands,Sweden,NED,SWE,,,,,,,,false,,Houston,7,38,1757.87,1514.77,31,243.1,UEFA,UEFA,true
998,2026,championship,Group F,group,false,2026-06-20,Tunisia,Japan,TUN,JPN,,,,,,,,false,,Monterrey (Guadalupe),44,18,1483.05,1660.43,-26,-177.38,CAF,AFC,false
999,2026,championship,Group F,group,false,2026-06-25,Japan,Sweden,JPN,SWE,,,,,,,,false,,Dallas (Arlington),18,38,1660.43,1514.77,20,145.66,AFC,UEFA,false
1000,2026,championship,Group F,group,false,2026-06-25,Tunisia,Netherlands,TUN,NED,,,,,,,,false,,Kansas City,44,7,1483.05,1757.87,-37,-274.82,CAF,UEFA,false
1001,2026,championship,Group G,group,false,2026-06-15,Belgium,Egypt,BEL,EGY,,,,,,,,false,,Seattle,9,29,1734.71,1563.24,20,171.47,UEFA,CAF,false
1002,2026,championship,Group G,group,false,2026-06-15,Iran,New Zealand,IRN,NZL,,,,,,,,false,,Los Angeles (Inglewood),21,85,1615.3,1281.57,64,333.73,AFC,OFC,false
1003,2026,championship,Group G,group,false,2026-06-21,Belgium,Iran,BEL,IRN,,,,,,,,false,,Los Angeles (Inglewood),9,21,1734.71,1615.3,12,119.41,UEFA,AFC,false
1004,2026,championship,Group G,group,false,2026-06-21,New Zealand,Egypt,NZL,EGY,,,,,,,,false,,Vancouver,85,29,1281.57,1563.24,-56,-281.67,OFC,CAF,false
1005,2026,championship,Group G,group,false,2026-06-26,Egypt,Iran,EGY,IRN,,,,,,,,false,,Seattle,29,21,1563.24,1615.3,-8,-52.06,CAF,AFC,false
1006,2026,championship,Group G,group,false,2026-06-26,New Zealand,Belgium,NZL,BEL,,,,,,,,false,,Vancouver,85,9,1281.57,1734.71,-76,-453.14,OFC,UEFA,false
1007,2026,championship,Group H,group,false,2026-06-15,Spain,Cape Verde,ESP,CPV,,,,,,,,false,,Atlanta,2,69,1876.4,1366.13,67,510.27,UEFA,CAF,false
1008,2026,championship,Group H,group,false,2026-06-15,Saudi Arabia,Uruguay,KSA,URU,,,,,,,,false,,Miami (Miami Gardens),61,17,1421.43,1673.07,-44,-251.64,AFC,CONMEBOL,false
1009,2026,championship,Group H,group,false,2026-06-21,Spain,Saudi Arabia,ESP,KSA,,,,,,,,false,,Atlanta,2,61,1876.4,1421.43,59,454.97,UEFA,AFC,false
1010,2026,championship,Group H,group,false,2026-06-21,Uruguay,Cape Verde,URU,CPV,,,,,,,,false,,Miami (Miami Gardens),17,69,1673.07,1366.13,52,306.94,CONMEBOL,CAF,false
1011,2026,championship,Group H,group,false,2026-06-26,Cape Verde,Saudi Arabia,CPV,KSA,,,,,,,,false,,Houston,69,61,1366.13,1421.43,-8,-55.3,CAF,AFC,false
1012,2026,championship,Group H,group,false,2026-06-26,Uruguay,Spain,URU,ESP,,,,,,,,false,,Guadalajara (Zapopan),17,2,1673.07,1876.4,-15,-203.33,CONMEBOL,UEFA,false
1013,2026,championship,Group I,group,false,2026-06-16,France,Senegal,FRA,SEN,,,,,,,,false,,New York/New Jersey (East Rutherford),1,14,1877.32,1688.99,13,188.33,UEFA,CAF,false
1014,2026,championship,Group I,group,false,2026-06-16,Iraq,Norway,IRQ,NOR,,,,,,,,false,,Boston (Foxborough),57,31,1447.14,1550.94,-26,-103.8,AFC,UEFA,false
1015,2026,championship,Group I,group,false,2026-06-22,France,Iraq,FRA,IRQ,,,,,,,,false,,Philadelphia,1,57,1877.32,1447.14,56,430.18,UEFA,AFC,false
1016,2026,championship,Group I,group,false,2026-06-22,Norway,Senegal,NOR,SEN,,,,,,,,false,,New York/New Jersey (East Rutherford),31,14,1550.94,1688.99,-17,-138.05,UEFA,CAF,false
1017,2026,championship,Group I,group,false,2026-06-26,Norway,France,NOR,FRA,,,,,,,,false,,Boston (Foxborough),31,1,1550.94,1877.32,-30,-326.38,UEFA,UEFA,true
1018,2026,championship,Group I,group,false,2026-06-26,Senegal,Iraq,SEN,IRQ,,,,,,,,false,,Toronto,14,57,1688.99,1447.14,43,241.85,CAF,AFC,false
1019,2026,championship,Group J,group,false,2026-06-16,Argentina,Algeria,ARG,ALG,,,,,,,,false,,Kansas City,3,28,1874.81,1564.26,25,310.55,CONMEBOL,CAF,false
1020,2026,championship,Group J,group,false,2026-06-16,Austria,Jordan,AUT,JOR,,,,,,,,false,,San Francisco Bay Area (Santa Clara),24,63,1593.45,1391.45,39,202,UEFA,AFC,false
1021,2026,championship,Group J,group,false,2026-06-22,Argentina,Austria,ARG,AUT,,,,,,,,false,,Dallas (Arlington),3,24,1874.81,1593.45,21,281.36,CONMEBOL,UEFA,false
1022,2026,championship,Group J,group,false,2026-06-22,Jordan,Algeria,JOR,ALG,,,,,,,,false,,San Francisco Bay Area (Santa Clara),63,28,1391.45,1564.26,-35,-172.81,AFC,CAF,false
1023,2026,championship,Group J,group,false,2026-06-27,Algeria,Austria,ALG,AUT,,,,,,,,false,,Kansas City,28,24,1564.26,1593.45,-4,-29.19,CAF,UEFA,false
1024,2026,championship,Group J,group,false,2026-06-27,Jordan,Argentina,JOR,ARG,,,,,,,,false,,Dallas (Arlington),63,3,1391.45,1874.81,-60,-483.36,AFC,CONMEBOL,false
1025,2026,championship,Group K,group,false,2026-06-17,Portugal,DR Congo,POR,COD,,,,,,,,false,,Houston,5,46,1763.83,1478.35,41,285.48,UEFA,CAF,false
1026,2026,championship,Group K,group,false,2026-06-17,Uzbekistan,Colombia,UZB,COL,,,,,,,,false,,Mexico City,50,13,1465.34,1693.09,-37,-227.75,AFC,CONMEBOL,false
1027,2026,championship,Group K,group,false,2026-06-23,Portugal,Uzbekistan,POR,UZB,,,,,,,,false,,Houston,5,50,1763.83,1465.34,45,298.49,UEFA,AFC,false
1028,2026,championship,Group K,group,false,2026-06-23,Colombia,DR Congo,COL,COD,,,,,,,,false,,Guadalajara (Zapopan),13,46,1693.09,1478.35,33,214.74,CONMEBOL,CAF,false
1029,2026,championship,Group K,group,false,2026-06-27,Colombia,Portugal,COL,POR,,,,,,,,false,,Miami (Miami Gardens),13,5,1693.09,1763.83,-8,-70.74,CONMEBOL,UEFA,false
1030,2026,championship,Group K,group,false,2026-06-27,DR Congo,Uzbekistan,COD,UZB,,,,,,,,false,,Atlanta,46,50,1478.35,1465.34,4,13.01,CAF,AFC,false
1031,2026,championship,Group L,group,false,2026-06-17,England,Croatia,ENG,CRO,,,,,,,,false,,Dallas (Arlington),4,11,1825.97,1717.07,7,108.9,UEFA,UEFA,true
1032,2026,championship,Group L,group,false,2026-06-17,Ghana,Panama,GHA,PAN,,,,,,,,false,,Toronto,74,33,1346.31,1540.64,-41,-194.33,CAF,CONCACAF,false
1033,2026,championship,Group L,group,false,2026-06-23,England,Ghana,ENG,GHA,,,,,,,,false,,Boston (Foxborough),4,74,1825.97,1346.31,70,479.66,UEFA,CAF,false
1034,2026,championship,Group L,group,false,2026-06-23,Panama,Croatia,PAN,CRO,,,,,,,,false,,Toronto,33,11,1540.64,1717.07,-22,-176.43,CONCACAF,UEFA,false
1035,2026,championship,Group L,group,false,2026-06-27,Panama,England,PAN,ENG,,,,,,,,false,,New York/New Jersey (East Rutherford),33,4,1540.64,1825.97,-29,-285.33,CONCACAF,UEFA,false
1036,2026,championship,Group L,group,false,2026-06-27,Croatia,Ghana,CRO,GHA,,,,,,,,false,,Philadelphia,11,74,1717.07,1346.31,63,370.76,UEFA,CAF,false
1037,2026,championship,Round of 32,round_of_32,true,2026-06-28,2A,2B,,,,,,,,,,false,,Los Angeles (Inglewood),,,,,,,,,
1038,2026,championship,Round of 32,round_of_32,true,2026-06-29,1E,3A/B/C/D/F,,,,,,,,,,false,,Boston (Foxborough),,,,,,,,,
1039,2026,championship,Round of 32,round_of_32,true,2026-06-29,1F,2C,,,,,,,,,,false,,Monterrey (Guadalupe),,,,,,,,,
1040,2026,championship,Round of 32,round_of_32,true,2026-06-29,1C,2F,,,,,,,,,,false,,Houston,,,,,,,,,
1041,2026,championship,Round of 32,round_of_32,true,2026-06-30,1I,3C/D/F/G/H,,,,,,,,,,false,,New York/New Jersey (East Rutherford),,,,,,,,,
1042,2026,championship,Round of 32,round_of_32,true,2026-06-30,2E,2I,,,,,,,,,,false,,Dallas (Arlington),,,,,,,,,
1043,2026,championship,Round of 32,round_of_32,true,2026-06-30,1A,3C/E/F/H/I,,,,,,,,,,false,,Mexico City,,,,,,,,,
1044,2026,championship,Round of 32,round_of_32,true,2026-07-01,1L,3E/H/I/J/K,,,,,,,,,,false,,Atlanta,,,,,,,,,
1045,2026,championship,Round of 32,round_of_32,true,2026-07-01,1D,3B/E/F/I/J,,,,,,,,,,false,,San Francisco Bay Area (Santa Clara),,,,,,,,,
1046,2026,championship,Round of 32,round_of_32,true,2026-07-01,1G,3A/E/H/I/J,,,,,,,,,,false,,Seattle,,,,,,,,,
1047,2026,championship,Round of 32,round_of_32,true,2026-07-02,2K,2L,,,,,,,,,,false,,Toronto,,,,,,,,,
1048,2026,championship,Round of 32,round_of_32,true,2026-07-02,1H,2J,,,,,,,,,,false,,Los Angeles (Inglewood),,,,,,,,,
1049,2026,championship,Round of 32,round_of_32,true,2026-07-02,1B,3E/F/G/I/J,,,,,,,,,,false,,Vancouver,,,,,,,,,
1050,2026,championship,Round of 32,round_of_32,true,2026-07-03,1J,2H,,,,,,,,,,false,,Miami (Miami Gardens),,,,,,,,,
1051,2026,championship,Round of 32,round_of_32,true,2026-07-03,1K,3D/E/I/J/L,,,,,,,,,,false,,Kansas City,,,,,,,,,
1052,2026,championship,Round of 32,round_of_32,true,2026-07-03,2D,2G,,,,,,,,,,false,,Dallas (Arlington),,,,,,,,,
1053,2026,championship,Round of 16,round_of_16,true,2026-07-04,W74,W77,,,,,,,,,,false,,Philadelphia,,,,,,,,,
1054,2026,championship,Round of 16,round_of_16,true,2026-07-04,W73,W75,,,,,,,,,,false,,Houston,,,,,,,,,
1055,2026,championship,Round of 16,round_of_16,true,2026-07-05,W76,W78,,,,,,,,,,false,,New York/New Jersey (East Rutherford),,,,,,,,,
1056,2026,championship,Round of 16,round_of_16,true,2026-07-05,W79,W80,,,,,,,,,,false,,Mexico City,,,,,,,,,
1057,2026,championship,Round of 16,round_of_16,true,2026-07-06,W83,W84,,,,,,,,,,false,,Dallas (Arlington),,,,,,,,,
1058,2026,championship,Round of 16,round_of_16,true,2026-07-06,W81,W82,,,,,,,,,,false,,Seattle,,,,,,,,,
1059,2026,championship,Round of 16,round_of_16,true,2026-07-07,W86,W88,,,,,,,,,,false,,Atlanta,,,,,,,,,
1060,2026,championship,Round of 16,round_of_16,true,2026-07-07,W85,W87,,,,,,,,,,false,,Vancouver,,,,,,,,,
1061,2026,championship,Quarter-final,quarter_final,true,2026-07-09,W89,W90,,,,,,,,,,false,,Boston (Foxborough),,,,,,,,,
1062,2026,championship,Quarter-final,quarter_final,true,2026-07-10,W93,W94,,,,,,,,,,false,,Los Angeles (Inglewood),,,,,,,,,
1063,2026,championship,Quarter-final,quarter_final,true,2026-07-11,W91,W92,,,,,,,,,,false,,Miami (Miami Gardens),,,,,,,,,
1064,2026,championship,Quarter-final,quarter_final,true,2026-07-11,W95,W96,,,,,,,,,,false,,Kansas City,,,,,,,,,
1065,2026,championship,Semi-final,semi_final,true,2026-07-14,W97,W98,,,,,,,,,,false,,Dallas (Arlington),,,,,,,,,
1066,2026,championship,Semi-final,semi_final,true,2026-07-15,W99,W100,,,,,,,,,,false,,Atlanta,,,,,,,,,
1067,2026,championship,Match for third place,third_place,true,2026-07-18,L101,L102,,,,,,,,,,false,,Miami (Miami Gardens),,,,,,,,,
1068,2026,championship,Final,final,true,2026-07-19,W101,W102,,,,,,,,,,false,,New York/New Jersey (East Rutherford),,,,,,,,,
